DateTime,depth_m,18kHz_Sv,38kHz_Sv,code
2016-07-19_17:47:40.00,278.0,-89.76,-91.53,2
2016-07-19_17:47:40.00,280.0,-100.91,-103.84,2
2016-07-19_17:47:40.00,282.0,-98.45,-99.39,2
2016-07-19_17:47:40.00,284.0,-91.52,-83.6,3
2016-07-19_17:47:40.00,286.0,-94.08,-94.36,2
2016-07-19_17:47:40.00,288.0,-94.09,-97.17,1
2016-07-19_17:47:40.00,290.0,-91.19,-96.19,1
2016-07-19_17:47:40.00,292.0,-89.0,-94.58,1
2016-07-19_17:47:40.00,294.0,-97.25,-89.32,3
2016-07-19_17:47:40.00,296.0,-92.74,-86.71,3
2016-07-19_17:47:40.00,298.0,-100.7,-105.12,1
2016-07-19_17:47:40.00,300.0,-100.05,-97.0,3
2016-07-19_17:47:40.00,302.0,-92.35,-104.53,1
2016-07-19_17:47:40.00,304.0,-98.46,-93.96,3
2016-07-19_17:47:40.00,306.0,-95.02,-104.0,1
2016-07-19_17:47:40.00,308.0,-103.5,-88.77,3
2016-07-19_17:47:40.00,310.0,-91.89,-92.08,2
2016-07-19_17:47:40.00,312.0,-87.95,-99.88,1
2016-07-19_17:47:40.00,314.0,-87.68,-97.02,1
2016-07-19_17:47:40.00,316.0,-79.56,-89.72,1
2016-07-19_17:47:40.00,318.0,-92.58,-94.46,2
2016-07-19_17:47:40.00,320.0,-85.56,-86.52,2
2016-07-19_17:47:40.00,322.0,-84.62,-83.83,2
2016-07-19_17:47:40.00,324.0,-90.18,-87.9,2
2016-07-19_17:47:40.00,326.0,-88.89,-96.19,1
2016-07-19_17:47:40.00,328.0,-86.56,-84.5,2
2016-07-19_17:47:40.00,330.0,-90.15,-82.19,3
2016-07-19_17:47:40.00,332.0,-87.85,-83.01,3
2016-07-19_17:47:40.00,334.0,-92.31,-88.47,3
2016-07-19_17:47:40.00,336.0,-86.65,-89.54,2
2016-07-19_17:47:40.00,338.0,-91.89,-85.38,3
2016-07-19_17:47:40.00,340.0,-92.65,-93.78,2
2016-07-19_17:47:40.00,342.0,-85.6,-82.61,2
2016-07-19_17:47:40.00,344.0,-90.25,-86.6,3
2016-07-19_17:47:40.00,346.0,-84.24,-86.08,2
2016-07-19_17:47:40.00,348.0,-83.28,-85.37,2
2016-07-19_17:47:40.00,350.0,-82.0,-82.64,2
2016-07-19_17:47:40.00,352.0,-81.41,-79.94,2
2016-07-19_17:47:40.00,354.0,-84.08,-85.64,2
2016-07-19_17:47:40.00,356.0,-86.47,-89.72,1
2016-07-19_17:47:40.00,358.0,-85.73,-80.41,3
2016-07-19_17:47:40.00,360.0,-78.5,-80.3,2
2016-07-19_17:47:50.00,278.0,-98.7,-98.57,2
2016-07-19_17:47:50.00,280.0,-91.53,-88.45,3
2016-07-19_17:47:50.00,282.0,-86.41,-90.24,1
2016-07-19_17:47:50.00,284.0,-98.72,-104.52,1
2016-07-19_17:47:50.00,286.0,-90.21,-86.29,3
2016-07-19_17:47:50.00,288.0,-93.13,-94.91,2
2016-07-19_17:47:50.00,290.0,-94.13,-90.97,3
2016-07-19_17:47:50.00,292.0,-93.73,-94.73,2
2016-07-19_17:47:50.00,294.0,-92.87,-87.96,3
2016-07-19_17:47:50.00,296.0,-88.7,-91.88,1
2016-07-19_17:47:50.00,298.0,-86.92,-102.55,1
2016-07-19_17:47:50.00,300.0,-84.55,-97.12,1
2016-07-19_17:47:50.00,302.0,-97.81,-101.57,1
2016-07-19_17:47:50.00,304.0,-92.98,-98.27,1
2016-07-19_17:47:50.00,306.0,-99.51,-83.07,3
2016-07-19_17:47:50.00,308.0,-97.09,-90.44,3
2016-07-19_17:47:50.00,310.0,-99.19,-95.46,3
2016-07-19_17:47:50.00,312.0,-84.76,-90.9,1
2016-07-19_17:47:50.00,314.0,-79.47,-90.33,1
2016-07-19_17:47:50.00,316.0,-82.71,-88.71,1
2016-07-19_17:47:50.00,318.0,-83.09,-86.67,1
2016-07-19_17:47:50.00,320.0,-90.35,-87.31,3
2016-07-19_17:47:50.00,322.0,-84.78,-83.75,2
2016-07-19_17:47:50.00,324.0,-82.17,-87.18,1
2016-07-19_17:47:50.00,326.0,-84.81,-86.23,2
2016-07-19_17:47:50.00,328.0,-80.93,-83.85,2
2016-07-19_17:47:50.00,330.0,-95.49,-90.42,3
2016-07-19_17:47:50.00,332.0,-88.63,-91.09,2
2016-07-19_17:47:50.00,334.0,-97.44,-85.4,3
2016-07-19_17:47:50.00,336.0,-82.49,-87.8,1
2016-07-19_17:47:50.00,338.0,-90.03,-84.62,3
2016-07-19_17:47:50.00,340.0,-94.15,-93.43,2
2016-07-19_17:47:50.00,342.0,-87.66,-81.5,3
2016-07-19_17:47:50.00,344.0,-92.7,-83.78,3
2016-07-19_17:47:50.00,346.0,-93.8,-82.19,3
2016-07-19_17:47:50.00,348.0,-91.03,-85.51,3
2016-07-19_17:47:50.00,350.0,-78.97,-86.25,1
2016-07-19_17:47:50.00,352.0,-88.1,-88.41,2
2016-07-19_17:47:50.00,354.0,-80.47,-84.48,1
2016-07-19_17:48:00.00,278.0,-102.46,-93.92,3
2016-07-19_17:48:00.00,280.0,-103.78,-97.94,3
2016-07-19_17:48:00.00,282.0,-88.32,-91.28,2
2016-07-19_17:48:00.00,284.0,-92.47,-90.54,2
2016-07-19_17:48:00.00,286.0,-85.31,-88.14,2
2016-07-19_17:48:00.00,288.0,-93.96,-91.65,2
2016-07-19_17:48:00.00,290.0,-96.27,-94.66,2
2016-07-19_17:48:00.00,292.0,-95.6,-96.66,2
2016-07-19_17:48:00.00,294.0,-90.98,-89.38,2
2016-07-19_17:48:00.00,296.0,-87.6,-94.64,1
2016-07-19_17:48:00.00,298.0,-92.83,-89.83,2
2016-07-19_17:48:00.00,300.0,-96.78,-91.59,3
2016-07-19_17:48:00.00,302.0,-88.84,-90.15,2
2016-07-19_17:48:00.00,304.0,-94.36,-92.07,2
2016-07-19_17:48:00.00,306.0,-91.11,-89.71,2
2016-07-19_17:48:00.00,308.0,-86.33,-84.13,2
2016-07-19_17:48:00.00,310.0,-86.88,-89.82,2
2016-07-19_17:48:00.00,312.0,-81.53,-87.31,1
2016-07-19_17:48:00.00,314.0,-85.66,-84.96,2
2016-07-19_17:48:00.00,316.0,-85.09,-88.59,1
2016-07-19_17:48:00.00,318.0,-83.64,-93.35,1
2016-07-19_17:48:00.00,320.0,-83.35,-85.43,2
2016-07-19_17:48:00.00,322.0,-89.22,-87.09,2
2016-07-19_17:48:00.00,324.0,-86.64,-88.98,2
2016-07-19_17:48:00.00,326.0,-82.22,-86.37,1
2016-07-19_17:48:00.00,328.0,-81.34,-86.2,1
2016-07-19_17:48:00.00,330.0,-82.88,-87.01,1
2016-07-19_17:48:00.00,332.0,-88.7,-86.9,2
2016-07-19_17:48:00.00,334.0,-85.33,-82.6,2
2016-07-19_17:48:00.00,336.0,-86.43,-89.44,1
2016-07-19_17:48:00.00,338.0,-81.24,-82.85,2
2016-07-19_17:48:00.00,340.0,-82.7,-83.6,2
2016-07-19_17:48:00.00,342.0,-84.82,-81.29,3
2016-07-19_17:48:00.00,344.0,-86.28,-83.66,2
2016-07-19_17:48:00.00,346.0,-91.9,-86.17,3
2016-07-19_17:48:00.00,348.0,-84.63,-88.13,1
2016-07-19_17:48:00.00,350.0,-88.96,-84.12,3
2016-07-19_17:48:00.00,352.0,-89.03,-86.96,2
2016-07-19_17:48:00.00,354.0,-86.81,-85.78,2
2016-07-19_17:48:10.00,278.0,-100.33,-100.21,2
2016-07-19_17:48:10.00,280.0,-104.91,-84.66,3
2016-07-19_17:48:10.00,282.0,-97.8,-99.88,2
2016-07-19_17:48:10.00,284.0,-96.47,-107.01,1
2016-07-19_17:48:10.00,286.0,-98.84,-99.94,2
2016-07-19_17:48:10.00,288.0,-93.18,-94.26,2
2016-07-19_17:48:10.00,290.0,-92.54,-92.69,2
2016-07-19_17:48:10.00,292.0,-92.2,-92.94,2
2016-07-19_17:48:10.00,294.0,-95.32,-85.08,3
2016-07-19_17:48:10.00,296.0,-97.71,-92.74,3
2016-07-19_17:48:10.00,298.0,-93.52,-91.87,2
2016-07-19_17:48:10.00,300.0,-90.47,-92.49,2
2016-07-19_17:48:10.00,302.0,-98.82,-88.9,3
2016-07-19_17:48:10.00,304.0,-89.74,-90.4,2
2016-07-19_17:48:10.00,306.0,-83.29,-84.35,2
2016-07-19_17:48:10.00,308.0,-83.75,-93.09,1
2016-07-19_17:48:10.00,310.0,-85.88,-92.88,1
2016-07-19_17:48:10.00,312.0,-86.98,-83.62,3
2016-07-19_17:48:10.00,314.0,-84.34,-97.08,1
2016-07-19_17:48:10.00,316.0,-89.23,-86.64,2
2016-07-19_17:48:10.00,318.0,-83.36,-83.9,2
2016-07-19_17:48:10.00,320.0,-86.57,-90.99,1
2016-07-19_17:48:10.00,322.0,-86.18,-95.02,1
2016-07-19_17:48:10.00,324.0,-85.94,-89.47,1
2016-07-19_17:48:10.00,326.0,-83.56,-88.86,1
2016-07-19_17:48:10.00,328.0,-85.09,-87.65,2
2016-07-19_17:48:10.00,330.0,-85.1,-90.45,1
2016-07-19_17:48:10.00,332.0,-90.67,-85.3,3
2016-07-19_17:48:10.00,334.0,-87.05,-85.66,2
2016-07-19_17:48:10.00,336.0,-82.71,-99.63,1
2016-07-19_17:48:10.00,338.0,-87.72,-83.87,3
2016-07-19_17:48:10.00,340.0,-83.56,-94.89,1
2016-07-19_17:48:10.00,342.0,-85.22,-85.68,2
2016-07-19_17:48:10.00,344.0,-90.0,-80.75,3
2016-07-19_17:48:10.00,346.0,-90.43,-82.36,3
2016-07-19_17:48:10.00,348.0,-86.14,-82.51,3
2016-07-19_17:48:10.00,350.0,-93.5,-88.88,3
2016-07-19_17:48:10.00,352.0,-88.03,-82.98,3
2016-07-19_17:48:10.00,354.0,-83.95,-84.34,2
2016-07-19_17:48:20.00,274.0,-101.62,-97.01,3
2016-07-19_17:48:20.00,276.0,-94.86,-88.42,3
2016-07-19_17:48:20.00,278.0,-94.17,-102.59,1
2016-07-19_17:48:20.00,280.0,-99.7,-92.67,3
2016-07-19_17:48:20.00,282.0,-94.98,-91.77,3
2016-07-19_17:48:20.00,284.0,-96.21,-90.96,3
2016-07-19_17:48:20.00,286.0,-94.02,-91.27,2
2016-07-19_17:48:20.00,288.0,-93.26,-91.45,2
2016-07-19_17:48:20.00,290.0,-89.21,-90.35,2
2016-07-19_17:48:20.00,292.0,-91.52,-87.38,3
2016-07-19_17:48:20.00,294.0,-93.02,-94.83,2
2016-07-19_17:48:20.00,296.0,-93.68,-89.25,3
2016-07-19_17:48:20.00,298.0,-94.37,-90.01,3
2016-07-19_17:48:20.00,300.0,-92.35,-88.33,3
2016-07-19_17:48:20.00,302.0,-95.31,-92.7,2
2016-07-19_17:48:20.00,304.0,-96.19,-87.4,3
2016-07-19_17:48:20.00,306.0,-82.74,-91.61,1
2016-07-19_17:48:20.00,308.0,-83.59,-87.78,1
2016-07-19_17:48:30.00,274.0,-95.19,-91.36,3
2016-07-19_17:48:30.00,276.0,-103.8,-99.39,3
2016-07-19_17:48:30.00,278.0,-95.35,-98.52,1
2016-07-19_17:48:30.00,280.0,-90.02,-92.45,2
2016-07-19_17:48:30.00,282.0,-90.96,-99.55,1
2016-07-19_17:48:30.00,284.0,-104.94,-104.81,2
2016-07-19_17:48:30.00,286.0,-84.97,-88.11,1
2016-07-19_17:48:30.00,288.0,-85.96,-89.72,1
2016-07-19_17:48:30.00,290.0,-92.04,-89.26,2
2016-07-19_17:48:30.00,292.0,-93.13,-90.42,2
2016-07-19_17:48:30.00,294.0,-100.85,-94.18,3
2016-07-19_17:48:30.00,296.0,-94.85,-86.13,3
2016-07-19_17:48:30.00,298.0,-88.19,-85.25,2
2016-07-19_17:48:30.00,300.0,-94.46,-88.51,3
2016-07-19_17:48:30.00,302.0,-100.43,-93.2,3
2016-07-19_17:48:30.00,304.0,-102.94,-93.69,3
2016-07-19_17:48:30.00,306.0,-101.22,-95.9,3
2016-07-19_17:48:30.00,308.0,-83.03,-89.24,1
2016-07-19_17:48:40.00,274.0,-90.24,-99.3,1
2016-07-19_17:48:40.00,276.0,-96.11,-92.58,3
2016-07-19_17:48:40.00,278.0,-91.29,-90.26,2
2016-07-19_17:48:40.00,280.0,-89.5,-96.24,1
2016-07-19_17:48:40.00,282.0,-94.1,-90.58,3
2016-07-19_17:48:40.00,284.0,-93.11,-89.66,3
2016-07-19_17:48:40.00,286.0,-89.45,-90.48,2
2016-07-19_17:48:40.00,288.0,-89.35,-87.32,2
2016-07-19_17:48:40.00,290.0,-92.95,-84.93,3
2016-07-19_17:48:40.00,292.0,-85.28,-84.69,2
2016-07-19_17:48:40.00,294.0,-85.81,-84.67,2
2016-07-19_17:48:40.00,296.0,-94.99,-88.04,3
2016-07-19_17:48:40.00,298.0,-93.26,-86.94,3
2016-07-19_17:48:40.00,300.0,-90.4,-87.5,2
2016-07-19_17:48:40.00,302.0,-94.32,-91.85,2
2016-07-19_17:48:40.00,304.0,-88.41,-88.3,2
2016-07-19_17:48:40.00,306.0,-86.04,-84.92,2
2016-07-19_17:48:40.00,308.0,-84.44,-90.44,1
2016-07-19_17:48:50.00,274.0,-91.72,-101.01,1
2016-07-19_17:48:50.00,276.0,-95.15,-98.09,2
2016-07-19_17:48:50.00,278.0,-88.28,-86.02,2
2016-07-19_17:48:50.00,280.0,-93.41,-93.06,2
2016-07-19_17:48:50.00,282.0,-96.06,-88.71,3
2016-07-19_17:48:50.00,284.0,-97.01,-93.84,3
2016-07-19_17:48:50.00,286.0,-89.32,-92.94,1
2016-07-19_17:48:50.00,288.0,-98.0,-97.64,2
2016-07-19_17:48:50.00,290.0,-93.38,-95.22,2
2016-07-19_17:48:50.00,292.0,-94.5,-86.49,3
2016-07-19_17:48:50.00,294.0,-92.2,-90.23,2
2016-07-19_17:48:50.00,296.0,-97.1,-96.05,2
2016-07-19_17:48:50.00,298.0,-93.55,-92.29,2
2016-07-19_17:48:50.00,300.0,-100.45,-89.45,3
2016-07-19_17:48:50.00,302.0,-97.7,-89.82,3
2016-07-19_17:48:50.00,304.0,-83.47,-91.92,1
2016-07-19_17:48:50.00,306.0,-86.71,-86.78,2
2016-07-19_17:48:50.00,308.0,-92.89,-88.96,3
2016-07-19_17:49:00.00,274.0,-98.59,-104.27,1
2016-07-19_17:49:00.00,276.0,-90.09,-91.08,2
2016-07-19_17:49:00.00,278.0,-95.09,-94.95,2
2016-07-19_17:49:00.00,280.0,-92.51,-91.39,2
2016-07-19_17:49:00.00,282.0,-101.8,-94.82,3
2016-07-19_17:49:00.00,284.0,-101.23,-100.66,2
2016-07-19_17:49:00.00,286.0,-99.49,-103.67,1
2016-07-19_17:49:00.00,288.0,-98.72,-92.52,3
2016-07-19_17:49:00.00,290.0,-99.09,-86.26,3
2016-07-19_17:49:00.00,292.0,-95.38,-90.78,3
2016-07-19_17:49:00.00,294.0,-90.21,-87.02,3
2016-07-19_17:49:00.00,296.0,-83.4,-88.16,1
2016-07-19_17:49:00.00,298.0,-94.39,-86.52,3
2016-07-19_17:49:00.00,300.0,-102.69,-98.3,3
2016-07-19_17:49:00.00,302.0,-91.52,-91.85,2
2016-07-19_17:49:00.00,304.0,-85.63,-90.16,1
2016-07-19_17:49:00.00,306.0,-90.2,-101.68,1
2016-07-19_17:49:00.00,308.0,-99.16,-104.15,1
2016-07-19_17:49:10.00,276.0,-94.25,-96.43,2
2016-07-19_17:49:10.00,278.0,-95.3,-94.61,2
2016-07-19_17:49:10.00,280.0,-90.96,-88.45,2
2016-07-19_17:49:10.00,282.0,-100.61,-87.59,3
2016-07-19_17:49:10.00,284.0,-92.86,-87.91,3
2016-07-19_17:49:10.00,286.0,-96.36,-93.93,2
2016-07-19_17:49:10.00,288.0,-89.93,-85.1,3
2016-07-19_17:49:10.00,290.0,-95.94,-88.67,3
2016-07-19_17:49:10.00,292.0,-85.75,-87.06,2
2016-07-19_17:49:10.00,294.0,-92.69,-89.34,3
2016-07-19_17:49:10.00,296.0,-93.6,-84.72,3
2016-07-19_17:49:10.00,298.0,-88.55,-85.02,3
2016-07-19_17:49:10.00,300.0,-87.11,-89.03,2
2016-07-19_17:49:10.00,302.0,-85.26,-82.98,2
2016-07-19_17:49:10.00,304.0,-85.3,-89.75,1
2016-07-19_17:49:10.00,306.0,-87.65,-87.18,2
2016-07-19_17:49:10.00,308.0,-87.87,-91.76,1
2016-07-19_17:49:20.00,278.0,-98.08,-88.71,3
2016-07-19_17:49:20.00,280.0,-97.65,-104.53,1
2016-07-19_17:49:20.00,282.0,-103.43,-93.84,3
2016-07-19_17:49:20.00,284.0,-91.0,-86.17,3
2016-07-19_17:49:20.00,286.0,-91.2,-93.16,2
2016-07-19_17:49:20.00,288.0,-99.13,-95.41,3
2016-07-19_17:49:20.00,290.0,-93.27,-93.72,2
2016-07-19_17:49:20.00,292.0,-99.39,-91.12,3
2016-07-19_17:49:20.00,294.0,-88.15,-90.61,2
2016-07-19_17:49:20.00,296.0,-88.75,-91.72,2
2016-07-19_17:49:20.00,298.0,-91.26,-96.49,1
2016-07-19_17:49:20.00,300.0,-86.54,-83.22,3
2016-07-19_17:49:20.00,302.0,-85.02,-87.75,2
2016-07-19_17:49:20.00,304.0,-84.45,-89.54,1
2016-07-19_17:49:20.00,306.0,-84.35,-89.36,1
2016-07-19_17:49:20.00,308.0,-83.19,-93.45,1
2016-07-19_17:49:30.00,280.0,-98.18,-94.52,3
2016-07-19_17:49:30.00,282.0,-101.98,-93.97,3
2016-07-19_17:49:30.00,284.0,-91.4,-96.52,1
2016-07-19_17:49:30.00,286.0,-92.59,-86.17,3
2016-07-19_17:49:30.00,288.0,-94.3,-91.47,2
2016-07-19_17:49:30.00,290.0,-94.77,-86.99,3
2016-07-19_17:49:30.00,292.0,-95.08,-89.11,3
2016-07-19_17:49:30.00,294.0,-94.5,-85.7,3
2016-07-19_17:49:30.00,296.0,-95.34,-88.84,3
2016-07-19_17:49:30.00,298.0,-89.09,-92.6,1
2016-07-19_17:49:30.00,300.0,-94.49,-94.68,2
2016-07-19_17:49:30.00,302.0,-89.33,-87.9,2
2016-07-19_17:49:30.00,304.0,-85.85,-84.97,2
2016-07-19_17:49:30.00,306.0,-86.37,-91.02,1
2016-07-19_17:49:30.00,308.0,-83.44,-85.61,2
2016-07-19_17:49:40.00,286.0,-99.86,-92.53,3
2016-07-19_17:49:40.00,288.0,-84.08,-83.6,2
2016-07-19_17:49:40.00,290.0,-102.26,-94.73,3
2016-07-19_17:49:40.00,292.0,-94.92,-98.83,1
2016-07-19_17:49:40.00,294.0,-98.03,-90.52,3
2016-07-19_17:49:40.00,296.0,-93.54,-86.93,3
2016-07-19_17:49:40.00,298.0,-89.54,-91.46,2
2016-07-19_17:49:40.00,300.0,-102.84,-97.16,3
2016-07-19_17:49:40.00,302.0,-101.59,-88.55,3
2016-07-19_17:49:40.00,304.0,-87.66,-88.16,2
2016-07-19_17:49:40.00,306.0,-86.91,-81.66,3
2016-07-19_17:49:40.00,308.0,-86.07,-88.29,2
2016-07-19_17:49:40.00,310.0,-85.74,-94.07,1
2016-07-19_17:49:40.00,312.0,-91.4,-95.45,1
2016-07-19_17:49:50.00,288.0,-85.19,-85.34,2
2016-07-19_17:49:50.00,290.0,-92.07,-91.92,2
2016-07-19_17:49:50.00,292.0,-97.13,-90.66,3
2016-07-19_17:49:50.00,294.0,-92.78,-85.67,3
2016-07-19_17:49:50.00,296.0,-93.21,-93.95,2
2016-07-19_17:49:50.00,298.0,-97.24,-93.54,3
2016-07-19_17:49:50.00,300.0,-99.72,-95.87,3
2016-07-19_17:49:50.00,302.0,-94.39,-88.18,3
2016-07-19_17:49:50.00,304.0,-88.37,-87.26,2
2016-07-19_17:49:50.00,306.0,-86.46,-84.67,2
2016-07-19_17:49:50.00,308.0,-94.77,-98.58,1
2016-07-19_17:49:50.00,310.0,-91.91,-92.37,2
2016-07-19_17:49:50.00,312.0,-86.22,-87.08,2
2016-07-19_17:50:00.00,292.0,-98.25,-89.58,3
2016-07-19_17:50:00.00,294.0,-95.85,-100.29,1
2016-07-19_17:50:00.00,296.0,-87.07,-89.05,2
2016-07-19_17:50:00.00,298.0,-91.05,-91.52,2
2016-07-19_17:50:00.00,300.0,-90.08,-96.17,1
2016-07-19_17:50:00.00,302.0,-97.5,-89.28,3
2016-07-19_17:50:00.00,304.0,-90.29,-91.18,2
2016-07-19_17:50:00.00,306.0,-84.96,-85.76,2
2016-07-19_17:50:00.00,308.0,-93.53,-90.89,2
2016-07-19_17:50:00.00,310.0,-91.62,-84.39,3
2016-07-19_17:50:00.00,312.0,-96.81,-91.63,3
2016-07-19_17:50:00.00,314.0,-85.76,-89.4,1
2016-07-19_17:50:00.00,316.0,-83.49,-89.34,1
2016-07-19_17:50:00.00,318.0,-87.87,-86.94,2
2016-07-19_17:50:10.00,298.0,-95.29,-95.76,2
2016-07-19_17:50:10.00,300.0,-87.77,-93.17,1
2016-07-19_17:50:10.00,302.0,-88.16,-99.69,1
2016-07-19_17:50:10.00,304.0,-99.89,-92.51,3
2016-07-19_17:50:10.00,306.0,-97.88,-97.92,2
2016-07-19_17:50:10.00,308.0,-91.16,-86.65,3
2016-07-19_17:50:10.00,310.0,-98.12,-91.56,3
2016-07-19_17:50:10.00,312.0,-93.46,-96.89,1
2016-07-19_17:50:10.00,314.0,-88.39,-85.37,3
2016-07-19_17:50:10.00,316.0,-85.33,-84.53,2
2016-07-19_17:50:10.00,318.0,-87.58,-90.92,1
2016-07-19_17:50:10.00,320.0,-87.08,-87.39,2
2016-07-19_17:50:10.00,322.0,-93.0,-87.43,3
2016-07-19_17:50:10.00,324.0,-87.02,-81.38,3
2016-07-19_17:50:20.00,304.0,-88.71,-90.37,2
2016-07-19_17:50:20.00,306.0,-88.25,-88.0,2
2016-07-19_17:50:20.00,308.0,-87.19,-88.85,2
2016-07-19_17:50:20.00,310.0,-84.1,-89.53,1
2016-07-19_17:50:20.00,312.0,-87.34,-96.11,1
2016-07-19_17:50:20.00,314.0,-89.4,-90.42,2
2016-07-19_17:50:20.00,316.0,-89.31,-88.09,2
2016-07-19_17:50:20.00,318.0,-89.72,-90.65,2
2016-07-19_17:50:20.00,320.0,-84.23,-86.82,2
2016-07-19_17:50:20.00,322.0,-88.57,-89.3,2
2016-07-19_17:50:20.00,324.0,-82.92,-84.52,2
2016-07-19_17:50:20.00,326.0,-86.83,-83.94,2
2016-07-19_17:50:20.00,328.0,-82.03,-90.61,1
2016-07-19_17:50:20.00,330.0,-87.35,-91.5,1
2016-07-19_17:50:30.00,314.0,-89.61,-97.27,1
2016-07-19_17:50:30.00,316.0,-87.34,-85.05,2
2016-07-19_17:50:30.00,318.0,-86.52,-89.6,1
2016-07-19_17:50:30.00,320.0,-94.84,-98.5,1
2016-07-19_17:50:30.00,322.0,-92.05,-89.65,2
2016-07-19_17:50:30.00,324.0,-82.83,-95.65,1
2016-07-19_17:50:30.00,326.0,-87.42,-89.03,2
2016-07-19_17:50:30.00,328.0,-83.71,-92.38,1
2016-07-19_17:50:30.00,330.0,-85.52,-91.62,1
2016-07-19_17:50:30.00,332.0,-95.7,-94.29,2
2016-07-19_17:50:30.00,334.0,-90.45,-91.33,2
2016-07-19_17:50:30.00,336.0,-84.65,-99.87,1
2016-07-19_17:50:30.00,338.0,-86.51,-86.02,2
2016-07-19_17:50:30.00,340.0,-84.39,-81.75,2
2016-07-19_17:50:40.00,326.0,-85.29,-90.74,1
2016-07-19_17:50:40.00,328.0,-88.95,-89.74,2
2016-07-19_17:50:40.00,330.0,-85.2,-89.02,1
2016-07-19_17:50:40.00,332.0,-84.59,-86.07,2
2016-07-19_17:50:40.00,334.0,-81.0,-85.5,1
2016-07-19_17:50:40.00,336.0,-85.18,-85.2,2
2016-07-19_17:50:40.00,338.0,-88.19,-85.45,2
2016-07-19_17:50:40.00,340.0,-89.64,-85.47,3
2016-07-19_17:50:40.00,342.0,-83.26,-88.45,1
2016-07-19_17:50:40.00,344.0,-89.13,-85.91,3
2016-07-19_17:50:40.00,346.0,-84.1,-82.6,2
2016-07-19_17:50:40.00,348.0,-90.18,-86.53,3
2016-07-19_17:50:40.00,350.0,-83.46,-94.12,1
2016-07-19_17:50:40.00,352.0,-83.99,-86.69,2
2016-07-19_17:50:50.00,336.0,-86.46,-85.73,2
2016-07-19_17:50:50.00,338.0,-87.7,-101.4,1
2016-07-19_17:50:50.00,340.0,-91.37,-80.19,3
2016-07-19_17:50:50.00,342.0,-81.66,-86.53,1
2016-07-19_17:50:50.00,344.0,-88.31,-84.34,3
2016-07-19_17:50:50.00,346.0,-82.68,-82.51,2
2016-07-19_17:50:50.00,348.0,-83.61,-87.04,1
2016-07-19_17:50:50.00,350.0,-84.17,-84.83,2
2016-07-19_17:50:50.00,352.0,-88.42,-89.63,2
2016-07-19_17:50:50.00,354.0,-85.35,-87.64,2
2016-07-19_17:50:50.00,356.0,-84.69,-86.11,2
2016-07-19_17:50:50.00,358.0,-84.69,-87.98,1
2016-07-19_17:50:50.00,360.0,-77.85,-83.71,1
2016-07-19_17:50:50.00,362.0,-83.18,-86.24,1
2016-07-19_17:50:50.00,364.0,-74.94,-84.22,1
2016-07-19_17:51:00.00,344.0,-79.18,-81.03,2
2016-07-19_17:51:00.00,346.0,-83.56,-86.62,1
2016-07-19_17:51:00.00,348.0,-86.19,-90.17,1
2016-07-19_17:51:00.00,350.0,-85.41,-88.93,1
2016-07-19_17:51:00.00,352.0,-80.57,-82.14,2
2016-07-19_17:51:00.00,354.0,-86.65,-86.97,2
2016-07-19_17:51:00.00,356.0,-83.48,-87.76,1
2016-07-19_17:51:00.00,358.0,-77.44,-84.88,1
2016-07-19_17:51:00.00,360.0,-81.2,-84.7,1
2016-07-19_17:51:00.00,362.0,-80.93,-84.17,1
2016-07-19_17:51:00.00,364.0,-79.38,-82.8,1
2016-07-19_17:51:00.00,366.0,-78.42,-87.35,1
2016-07-19_17:51:00.00,368.0,-76.77,-83.92,1
2016-07-19_17:51:00.00,370.0,-76.59,-81.97,1
2016-07-19_17:51:00.00,372.0,-79.46,-86.07,1
2016-07-19_17:51:10.00,352.0,-84.03,-87.64,1
2016-07-19_17:51:10.00,354.0,-85.49,-86.75,2
2016-07-19_17:51:10.00,356.0,-84.62,-87.78,1
2016-07-19_17:51:10.00,358.0,-84.02,-82.69,2
2016-07-19_17:51:10.00,360.0,-81.48,-86.18,1
2016-07-19_17:51:10.00,362.0,-73.33,-85.09,1
2016-07-19_17:51:10.00,364.0,-83.84,-83.13,2
2016-07-19_17:51:10.00,366.0,-78.03,-81.14,1
2016-07-19_17:51:10.00,368.0,-76.27,-89.25,1
2016-07-19_17:51:10.00,370.0,-79.48,-83.07,1
2016-07-19_17:51:10.00,372.0,-78.66,-86.42,1
2016-07-19_17:51:10.00,374.0,-79.59,-82.51,2
2016-07-19_17:51:10.00,376.0,-79.77,-82.4,2
2016-07-19_17:51:10.00,378.0,-74.09,-77.7,1
2016-07-19_17:51:10.00,380.0,-74.3,-78.66,1
2016-07-19_17:51:20.00,358.0,-83.4,-88.62,1
2016-07-19_17:51:20.00,360.0,-81.57,-79.45,2
2016-07-19_17:51:20.00,362.0,-77.61,-83.25,1
2016-07-19_17:51:20.00,364.0,-78.02,-86.65,1
2016-07-19_17:51:20.00,366.0,-79.03,-82.49,1
2016-07-19_17:51:20.00,368.0,-81.56,-85.6,1
2016-07-19_17:51:20.00,370.0,-79.37,-82.87,1
2016-07-19_17:51:20.00,372.0,-78.14,-84.7,1
2016-07-19_17:51:20.00,374.0,-77.08,-85.72,1
2016-07-19_17:51:20.00,376.0,-74.94,-79.69,1
2016-07-19_17:51:20.00,378.0,-76.89,-81.93,1
2016-07-19_17:51:20.00,380.0,-70.7,-82.35,1
2016-07-19_17:51:20.00,382.0,-72.72,-82.29,1
2016-07-19_17:51:20.00,384.0,-74.2,-83.06,1
2016-07-19_17:51:20.00,386.0,-76.31,-81.39,1
2016-07-19_17:51:30.00,362.0,-76.41,-80.2,1
2016-07-19_17:51:30.00,364.0,-77.54,-86.22,1
2016-07-19_17:51:30.00,366.0,-76.03,-81.37,1
2016-07-19_17:51:30.00,368.0,-76.25,-82.26,1
2016-07-19_17:51:30.00,370.0,-75.21,-81.04,1
2016-07-19_17:51:30.00,372.0,-75.7,-81.11,1
2016-07-19_17:51:30.00,374.0,-76.63,-82.0,1
2016-07-19_17:51:30.00,376.0,-77.65,-86.7,1
2016-07-19_17:51:30.00,378.0,-73.55,-80.3,1
2016-07-19_17:51:30.00,380.0,-75.14,-79.31,1
2016-07-19_17:51:30.00,382.0,-71.1,-76.68,1
2016-07-19_17:51:30.00,384.0,-70.21,-80.47,1
2016-07-19_17:51:30.00,386.0,-69.68,-81.34,1
2016-07-19_17:51:30.00,388.0,-70.61,-78.65,1
2016-07-19_17:51:40.00,360.0,-78.76,-77.86,2
2016-07-19_17:51:40.00,362.0,-82.1,-88.74,1
2016-07-19_17:51:40.00,364.0,-81.17,-82.06,2
2016-07-19_17:51:40.00,366.0,-75.73,-82.72,1
2016-07-19_17:51:40.00,368.0,-77.74,-82.59,1
2016-07-19_17:51:40.00,370.0,-78.99,-86.13,1
2016-07-19_17:51:40.00,372.0,-76.78,-83.89,1
2016-07-19_17:51:40.00,374.0,-77.78,-81.75,1
2016-07-19_17:51:40.00,376.0,-75.21,-80.56,1
2016-07-19_17:51:40.00,378.0,-75.6,-77.86,2
2016-07-19_17:51:40.00,380.0,-71.99,-81.87,1
2016-07-19_17:51:40.00,382.0,-71.34,-80.86,1
2016-07-19_17:51:40.00,384.0,-68.36,-79.46,1
2016-07-19_17:51:40.00,386.0,-66.83,-77.56,1
2016-07-19_17:51:40.00,388.0,-73.43,-77.04,1
2016-07-19_17:51:50.00,360.0,-79.41,-82.7,1
2016-07-19_17:51:50.00,362.0,-75.87,-88.37,1
2016-07-19_17:51:50.00,364.0,-74.05,-83.95,1
2016-07-19_17:51:50.00,366.0,-75.44,-84.27,1
2016-07-19_17:51:50.00,368.0,-77.03,-79.37,2
2016-07-19_17:51:50.00,370.0,-76.27,-80.67,1
2016-07-19_17:51:50.00,372.0,-79.18,-81.39,2
2016-07-19_17:51:50.00,374.0,-76.03,-81.22,1
2016-07-19_17:51:50.00,376.0,-72.98,-80.24,1
2016-07-19_17:51:50.00,378.0,-71.1,-80.87,1
2016-07-19_17:51:50.00,380.0,-71.48,-77.54,1
2016-07-19_17:51:50.00,382.0,-71.3,-79.94,1
2016-07-19_17:51:50.00,384.0,-68.81,-80.15,1
2016-07-19_17:51:50.00,386.0,-72.39,-77.75,1
2016-07-19_17:51:50.00,388.0,-71.7,-75.83,1
2016-07-19_17:52:00.00,358.0,-81.06,-90.92,1
2016-07-19_17:52:00.00,360.0,-81.24,-87.51,1
2016-07-19_17:52:00.00,362.0,-80.83,-82.03,2
2016-07-19_17:52:00.00,364.0,-77.21,-83.79,1
2016-07-19_17:52:00.00,366.0,-78.08,-79.73,2
2016-07-19_17:52:00.00,368.0,-73.53,-91.86,1
2016-07-19_17:52:00.00,370.0,-83.58,-85.31,2
2016-07-19_17:52:00.00,372.0,-78.92,-79.44,2
2016-07-19_17:52:00.00,374.0,-80.25,-83.04,2
2016-07-19_17:52:00.00,376.0,-67.4,-78.99,1
2016-07-19_17:52:00.00,378.0,-73.64,-82.71,1
2016-07-19_17:52:00.00,380.0,-71.37,-81.72,1
2016-07-19_17:52:00.00,382.0,-67.29,-77.29,1
2016-07-19_17:52:00.00,384.0,-70.45,-79.48,1
2016-07-19_17:52:00.00,386.0,-71.09,-80.31,1
2016-07-19_17:52:10.00,354.0,-88.65,-88.12,2
2016-07-19_17:52:10.00,356.0,-80.76,-83.6,2
2016-07-19_17:52:10.00,358.0,-87.69,-83.2,3
2016-07-19_17:52:10.00,360.0,-84.71,-83.96,2
2016-07-19_17:52:10.00,362.0,-80.51,-85.38,1
2016-07-19_17:52:10.00,364.0,-76.72,-85.48,1
2016-07-19_17:52:10.00,366.0,-76.66,-83.57,1
2016-07-19_17:52:10.00,368.0,-78.19,-81.39,1
2016-07-19_17:52:10.00,370.0,-77.66,-81.98,1
2016-07-19_17:52:10.00,372.0,-78.62,-84.77,1
2016-07-19_17:52:10.00,374.0,-77.63,-82.97,1
2016-07-19_17:52:10.00,376.0,-76.58,-80.39,1
2016-07-19_17:52:10.00,378.0,-70.27,-79.32,1
2016-07-19_17:52:10.00,380.0,-71.65,-75.86,1
2016-07-19_17:52:10.00,382.0,-66.44,-78.25,1
2016-07-19_17:52:10.00,384.0,-71.52,-76.69,1
2016-07-19_17:52:20.00,352.0,-83.17,-83.72,2
2016-07-19_17:52:20.00,354.0,-83.89,-83.89,2
2016-07-19_17:52:20.00,356.0,-81.06,-82.27,2
2016-07-19_17:52:20.00,358.0,-81.48,-85.4,1
2016-07-19_17:52:20.00,360.0,-85.36,-85.97,2
2016-07-19_17:52:20.00,362.0,-84.2,-85.25,2
2016-07-19_17:52:20.00,364.0,-84.12,-87.25,1
2016-07-19_17:52:20.00,366.0,-79.35,-83.71,1
2016-07-19_17:52:20.00,368.0,-82.91,-86.72,1
2016-07-19_17:52:20.00,370.0,-82.25,-81.8,2
2016-07-19_17:52:20.00,372.0,-73.09,-81.58,1
2016-07-19_17:52:20.00,374.0,-82.54,-81.0,2
2016-07-19_17:52:20.00,376.0,-76.25,-84.5,1
2016-07-19_17:52:20.00,378.0,-76.18,-84.65,1
2016-07-19_17:52:20.00,380.0,-72.59,-76.5,1
2016-07-19_17:52:20.00,382.0,-71.81,-76.38,1
2016-07-19_17:52:30.00,342.0,-83.13,-87.59,1
2016-07-19_17:52:30.00,344.0,-80.0,-83.23,1
2016-07-19_17:52:30.00,346.0,-75.99,-85.27,1
2016-07-19_17:52:30.00,348.0,-80.65,-81.68,2
2016-07-19_17:52:30.00,350.0,-81.84,-83.25,2
2016-07-19_17:52:30.00,352.0,-89.1,-88.13,2
2016-07-19_17:52:30.00,354.0,-80.25,-88.02,1
2016-07-19_17:52:30.00,356.0,-81.26,-84.54,1
2016-07-19_17:52:30.00,358.0,-79.32,-85.71,1
2016-07-19_17:52:30.00,360.0,-80.48,-85.07,1
2016-07-19_17:52:30.00,362.0,-77.9,-78.75,2
2016-07-19_17:52:30.00,364.0,-80.55,-80.7,2
2016-07-19_17:52:30.00,366.0,-81.42,-85.69,1
2016-07-19_17:52:30.00,368.0,-74.79,-80.8,1
2016-07-19_17:52:30.00,370.0,-72.25,-82.89,1
2016-07-19_17:52:30.00,372.0,-76.44,-79.88,1
2016-07-19_17:52:30.00,374.0,-82.82,-89.53,1
2016-07-19_17:52:40.00,340.0,-85.53,-88.05,2
2016-07-19_17:52:40.00,342.0,-87.05,-87.68,2
2016-07-19_17:52:40.00,344.0,-82.52,-83.88,2
2016-07-19_17:52:40.00,346.0,-88.01,-85.2,2
2016-07-19_17:52:40.00,348.0,-84.3,-86.78,2
2016-07-19_17:52:40.00,350.0,-85.35,-86.27,2
2016-07-19_17:52:40.00,352.0,-84.78,-87.37,2
2016-07-19_17:52:40.00,354.0,-82.31,-83.87,2
2016-07-19_17:52:40.00,356.0,-81.54,-87.93,1
2016-07-19_17:52:40.00,358.0,-81.88,-82.43,2
2016-07-19_17:52:40.00,360.0,-78.91,-84.03,1
2016-07-19_17:52:40.00,362.0,-78.6,-90.33,1
2016-07-19_17:52:40.00,364.0,-77.14,-84.57,1
2016-07-19_17:52:40.00,366.0,-78.95,-81.55,2
2016-07-19_17:52:40.00,368.0,-77.38,-84.62,1
2016-07-19_17:52:40.00,370.0,-74.38,-78.91,1
2016-07-19_17:52:40.00,372.0,-73.58,-84.38,1
2016-07-19_17:52:50.00,342.0,-84.53,-84.31,2
2016-07-19_17:52:50.00,344.0,-84.14,-84.99,2
2016-07-19_17:52:50.00,346.0,-80.71,-76.96,3
2016-07-19_17:52:50.00,348.0,-83.61,-84.21,2
2016-07-19_17:52:50.00,350.0,-81.35,-90.01,1
2016-07-19_17:52:50.00,352.0,-90.7,-89.31,2
2016-07-19_17:52:50.00,354.0,-91.01,-87.6,3
2016-07-19_17:52:50.00,356.0,-88.26,-87.23,2
2016-07-19_17:52:50.00,358.0,-79.65,-85.22,1
2016-07-19_17:52:50.00,360.0,-76.14,-85.02,1
2016-07-19_17:52:50.00,362.0,-83.66,-81.71,2
2016-07-19_17:52:50.00,364.0,-74.61,-80.59,1
2016-07-19_17:52:50.00,366.0,-76.12,-83.39,1
2016-07-19_17:52:50.00,368.0,-83.93,-91.7,1
2016-07-19_17:52:50.00,370.0,-80.86,-78.36,2
2016-07-19_17:52:50.00,372.0,-75.83,-78.76,2
2016-07-19_17:52:50.00,374.0,-71.38,-79.25,1
2016-07-19_17:52:50.00,376.0,-78.06,-80.31,2
2016-07-19_17:53:00.00,356.0,-87.58,-85.12,2
2016-07-19_17:53:00.00,358.0,-83.77,-85.2,2
2016-07-19_17:53:00.00,360.0,-79.81,-80.14,2
2016-07-19_17:53:00.00,362.0,-81.34,-84.79,1
2016-07-19_17:53:00.00,364.0,-78.06,-84.7,1
2016-07-19_17:53:00.00,366.0,-77.19,-79.83,2
2016-07-19_17:53:00.00,368.0,-84.48,-87.27,2
2016-07-19_17:53:00.00,370.0,-76.18,-82.51,1
2016-07-19_17:53:00.00,372.0,-77.91,-78.92,2
2016-07-19_17:53:00.00,374.0,-70.51,-83.98,1
2016-07-19_17:53:00.00,376.0,-74.3,-83.09,1
2016-07-19_17:53:00.00,378.0,-73.35,-79.71,1
2016-07-19_17:53:00.00,380.0,-72.3,-76.62,1
2016-07-19_17:53:00.00,382.0,-75.35,-79.5,1
2016-07-19_17:53:00.00,384.0,-71.72,-80.64,1
2016-07-19_17:53:00.00,386.0,-71.19,-84.04,1
2016-07-19_17:53:10.00,374.0,-75.0,-79.67,1
2016-07-19_17:53:10.00,376.0,-78.7,-84.63,1
2016-07-19_17:53:10.00,378.0,-73.07,-80.5,1
2016-07-19_17:53:10.00,380.0,-76.05,-80.42,1
2016-07-19_17:53:10.00,382.0,-73.13,-80.29,1
2016-07-19_17:53:10.00,384.0,-72.74,-78.22,1
2016-07-19_17:53:10.00,386.0,-73.3,-81.44,1
2016-07-19_17:53:10.00,388.0,-74.57,-77.7,1
2016-07-19_17:53:10.00,390.0,-68.21,-80.88,1
2016-07-19_17:53:10.00,392.0,-70.77,-79.65,1
2016-07-19_17:53:10.00,394.0,-67.22,-74.88,1
2016-07-19_17:53:10.00,396.0,-67.7,-71.74,1
2016-07-19_17:53:10.00,398.0,-70.96,-74.92,1
2016-07-19_17:53:10.00,400.0,-66.77,-74.91,1
2016-07-19_17:53:20.00,404.0,-67.04,-64.17,2
2016-07-19_17:53:20.00,406.0,-68.67,-65.21,3
2016-07-19_17:53:20.00,408.0,-70.24,-65.99,3
2016-07-19_17:53:20.00,410.0,-70.95,-63.77,3
2016-07-19_17:53:20.00,412.0,-70.04,-63.81,3
2016-07-19_17:53:20.00,414.0,-73.95,-61.68,3
2016-07-19_17:53:20.00,416.0,-74.74,-60.29,3
2016-07-19_17:53:20.00,418.0,-74.7,-58.17,3
2016-07-19_17:53:20.00,420.0,-76.29,-61.68,3
2016-07-19_17:53:20.00,422.0,-73.05,-61.65,3
2016-07-19_17:53:20.00,424.0,-72.34,-64.72,3
2016-07-19_17:53:20.00,426.0,-71.46,-66.63,3
2016-07-19_17:53:20.00,428.0,-70.6,-71.23,2
2016-07-19_17:53:30.00,436.0,-69.0,-68.95,2
2016-07-19_17:53:30.00,438.0,-65.12,-71.95,1
2016-07-19_17:53:30.00,440.0,-63.03,-70.18,1
2016-07-19_17:53:30.00,442.0,-65.86,-67.41,2
2016-07-19_17:53:30.00,444.0,-62.93,-68.12,1
2016-07-19_17:53:30.00,446.0,-62.77,-69.2,1
2016-07-19_17:53:30.00,448.0,-65.15,-64.65,2
2016-07-19_17:53:30.00,450.0,-62.41,-69.76,1
2016-07-19_17:53:30.00,452.0,-69.2,-72.77,1
2016-07-19_17:53:30.00,454.0,-61.16,-69.84,1
2016-07-19_17:53:30.00,456.0,-61.09,-66.4,1
2016-07-19_17:53:30.00,458.0,-63.04,-64.95,2
2016-07-19_17:53:30.00,460.0,-66.47,-69.51,1
2016-07-19_17:53:40.00,482.0,-66.08,-71.54,1
2016-07-19_17:53:40.00,484.0,-67.01,-68.24,2
2016-07-19_17:53:40.00,486.0,-66.03,-72.39,1
2016-07-19_17:53:40.00,488.0,-71.5,-70.65,2
2016-07-19_17:53:40.00,490.0,-70.67,-72.96,2
2016-07-19_17:53:40.00,492.0,-69.53,-74.09,1
2016-07-19_17:53:40.00,494.0,-73.41,-72.12,2
2016-07-19_17:53:40.00,496.0,-69.42,-73.84,1
2016-07-19_17:53:40.00,498.0,-72.11,-71.09,2
2016-07-19_17:53:40.00,500.0,-70.93,-70.86,2
2016-07-19_17:53:40.00,502.0,-73.48,-70.55,2
2016-07-19_17:53:40.00,504.0,-69.35,-71.72,2
2016-07-19_17:53:40.00,506.0,-75.59,-72.96,2
2016-07-19_17:53:50.00,532.0,-75.57,-68.27,3
2016-07-19_17:53:50.00,534.0,-72.64,-69.48,3
2016-07-19_17:53:50.00,536.0,-76.34,-69.03,3
2016-07-19_17:53:50.00,538.0,-71.23,-74.8,1
2016-07-19_17:53:50.00,540.0,-71.67,-69.52,2
2016-07-19_17:53:50.00,542.0,-76.3,-67.05,3
2016-07-19_17:53:50.00,544.0,-75.58,-69.94,3
2016-07-19_17:53:50.00,546.0,-73.95,-69.58,3
2016-07-19_17:53:50.00,548.0,-77.12,-71.97,3
2016-07-19_17:53:50.00,550.0,-75.45,-68.75,3
2016-07-19_17:53:50.00,552.0,-77.38,-70.02,3
2016-07-19_17:53:50.00,554.0,-73.23,-68.49,3
2016-07-19_17:53:50.00,556.0,-76.58,-69.9,3
2016-07-19_17:54:00.00,586.0,-73.4,-72.31,2
2016-07-19_17:54:00.00,588.0,-74.88,-66.21,3
2016-07-19_17:54:00.00,590.0,-76.01,-71.53,3
2016-07-19_17:54:00.00,592.0,-77.7,-69.61,3
2016-07-19_17:54:00.00,594.0,-78.16,-68.44,3
2016-07-19_17:54:00.00,596.0,-71.07,-69.7,2
2016-07-19_17:54:00.00,598.0,-79.54,-65.89,3
2016-07-19_17:54:00.00,600.0,-82.81,-65.69,3
2016-07-19_17:54:00.00,602.0,-79.99,-69.97,3
2016-07-19_17:54:00.00,604.0,-77.09,-73.79,3
2016-07-19_17:54:00.00,606.0,-80.54,-72.0,3
2016-07-19_17:54:00.00,608.0,-78.5,-71.11,3
2016-07-19_17:54:00.00,610.0,-82.21,-67.57,3
2016-07-19_17:54:00.00,612.0,-79.81,-71.01,3
2016-07-19_17:54:10.00,626.0,-74.57,-72.48,2
2016-07-19_17:54:10.00,628.0,-75.25,-76.86,2
2016-07-19_17:54:10.00,630.0,-73.53,-75.29,2
2016-07-19_17:54:10.00,632.0,-76.54,-75.44,2
2016-07-19_17:54:10.00,634.0,-77.35,-75.89,2
2016-07-19_17:54:10.00,636.0,-76.36,-77.34,2
2016-07-19_17:54:10.00,638.0,-76.54,-77.22,2
2016-07-19_17:54:10.00,640.0,-77.09,-76.23,2
2016-07-19_17:54:10.00,642.0,-78.18,-79.82,2
2016-07-19_17:54:10.00,644.0,-77.84,-79.13,2
2016-07-19_17:54:10.00,646.0,-75.15,-78.05,2
2016-07-19_17:54:10.00,648.0,-74.5,-79.73,1
2016-07-19_17:54:10.00,650.0,-77.71,-78.96,2
2016-07-19_17:54:10.00,652.0,-76.65,-78.69,2
2016-07-19_17:54:10.00,654.0,-78.01,-78.68,2
2016-07-19_17:54:20.00,642.0,-75.61,-78.12,2
2016-07-19_17:54:20.00,644.0,-70.95,-75.68,1
2016-07-19_17:54:20.00,646.0,-77.1,-78.46,2
2016-07-19_17:54:20.00,648.0,-76.54,-77.27,2
2016-07-19_17:54:20.00,650.0,-72.1,-78.18,1
2016-07-19_17:54:20.00,652.0,-75.02,-76.83,2
2016-07-19_17:54:20.00,654.0,-73.71,-75.23,2
2016-07-19_17:54:20.00,656.0,-77.6,-76.5,2
2016-07-19_17:54:20.00,658.0,-76.67,-80.04,1
2016-07-19_17:54:20.00,660.0,-78.06,-81.39,1
2016-07-19_17:54:20.00,662.0,-83.06,-82.93,2
2016-07-19_17:54:20.00,664.0,-80.37,-81.69,2
2016-07-19_17:54:20.00,666.0,-78.51,-82.94,1
2016-07-19_17:54:20.00,668.0,-77.87,-83.66,1
2016-07-19_17:54:20.00,670.0,-79.96,-79.76,2
2016-07-19_17:54:30.00,650.0,-75.14,-75.92,2
2016-07-19_17:54:30.00,652.0,-77.04,-77.68,2
2016-07-19_17:54:30.00,654.0,-76.49,-78.6,2
2016-07-19_17:54:30.00,656.0,-79.24,-78.81,2
2016-07-19_17:54:30.00,658.0,-82.21,-76.68,3
2016-07-19_17:54:30.00,660.0,-77.06,-81.6,1
2016-07-19_17:54:30.00,662.0,-78.57,-79.45,2
2016-07-19_17:54:30.00,664.0,-82.96,-77.58,3
2016-07-19_17:54:30.00,666.0,-77.74,-76.84,2
2016-07-19_17:54:30.00,668.0,-76.54,-78.52,2
2016-07-19_17:54:30.00,670.0,-76.59,-78.14,2
2016-07-19_17:54:30.00,672.0,-75.32,-77.62,2
2016-07-19_17:54:30.00,674.0,-75.95,-80.16,1
2016-07-19_17:54:30.00,676.0,-81.04,-79.21,2
2016-07-19_17:54:30.00,678.0,-75.41,-77.31,2
2016-07-19_17:54:30.00,680.0,-79.41,-78.77,2
2016-07-19_17:54:40.00,656.0,-73.28,-78.45,1
2016-07-19_17:54:40.00,658.0,-75.31,-80.55,1
2016-07-19_17:54:40.00,660.0,-79.8,-77.44,2
2016-07-19_17:54:40.00,662.0,-81.04,-76.97,3
2016-07-19_17:54:40.00,664.0,-79.52,-79.84,2
2016-07-19_17:54:40.00,666.0,-76.07,-81.01,1
2016-07-19_17:54:40.00,668.0,-79.12,-77.82,2
2016-07-19_17:54:40.00,670.0,-75.5,-78.69,1
2016-07-19_17:54:40.00,672.0,-80.72,-80.65,2
2016-07-19_17:54:40.00,674.0,-79.32,-81.63,2
2016-07-19_17:54:40.00,676.0,-75.32,-77.65,2
2016-07-19_17:54:40.00,678.0,-77.92,-79.01,2
2016-07-19_17:54:40.00,680.0,-83.76,-79.33,3
2016-07-19_17:54:40.00,682.0,-81.11,-76.41,3
2016-07-19_17:54:40.00,684.0,-77.91,-77.88,2
2016-07-19_17:54:40.00,686.0,-76.7,-77.63,2
2016-07-19_17:54:40.00,688.0,-76.21,-82.05,1
2016-07-19_17:54:50.00,648.0,-77.17,-75.55,2
2016-07-19_17:54:50.00,650.0,-74.04,-78.88,1
2016-07-19_17:54:50.00,652.0,-71.61,-78.32,1
2016-07-19_17:54:50.00,654.0,-78.54,-78.73,2
2016-07-19_17:54:50.00,656.0,-76.69,-77.29,2
2016-07-19_17:54:50.00,658.0,-76.19,-82.37,1
2016-07-19_17:54:50.00,660.0,-81.76,-83.82,2
2016-07-19_17:54:50.00,662.0,-76.57,-78.21,2
2016-07-19_17:54:50.00,664.0,-80.47,-78.2,2
2016-07-19_17:54:50.00,666.0,-82.06,-77.56,3
2016-07-19_17:54:50.00,668.0,-77.23,-78.68,2
2016-07-19_17:54:50.00,670.0,-78.04,-81.1,1
2016-07-19_17:54:50.00,672.0,-74.54,-76.86,2
2016-07-19_17:54:50.00,674.0,-78.62,-75.95,2
2016-07-19_17:54:50.00,676.0,-73.45,-80.6,1
2016-07-19_17:54:50.00,678.0,-78.88,-80.06,2
2016-07-19_17:54:50.00,680.0,-77.78,-79.61,2
2016-07-19_17:55:00.00,636.0,-75.3,-77.11,2
2016-07-19_17:55:00.00,638.0,-75.67,-77.15,2
2016-07-19_17:55:00.00,640.0,-75.76,-76.45,2
2016-07-19_17:55:00.00,642.0,-76.18,-75.22,2
2016-07-19_17:55:00.00,644.0,-77.22,-78.62,2
2016-07-19_17:55:00.00,646.0,-73.46,-77.29,1
2016-07-19_17:55:00.00,648.0,-78.94,-77.49,2
2016-07-19_17:55:00.00,650.0,-76.44,-77.86,2
2016-07-19_17:55:00.00,652.0,-74.06,-78.45,1
2016-07-19_17:55:00.00,654.0,-77.73,-80.78,1
2016-07-19_17:55:00.00,656.0,-77.49,-79.19,2
2016-07-19_17:55:00.00,658.0,-77.78,-80.02,2
2016-07-19_17:55:00.00,660.0,-80.14,-77.83,2
2016-07-19_17:55:00.00,662.0,-77.86,-80.74,2
2016-07-19_17:55:00.00,664.0,-77.57,-78.11,2
2016-07-19_17:55:00.00,666.0,-77.33,-79.87,2
2016-07-19_17:55:10.00,614.0,-81.54,-72.3,3
2016-07-19_17:55:10.00,616.0,-77.19,-71.8,3
2016-07-19_17:55:10.00,618.0,-76.78,-72.27,3
2016-07-19_17:55:10.00,620.0,-81.24,-71.62,3
2016-07-19_17:55:10.00,622.0,-76.96,-78.0,2
2016-07-19_17:55:10.00,624.0,-74.58,-75.43,2
2016-07-19_17:55:10.00,626.0,-78.14,-74.81,3
2016-07-19_17:55:10.00,628.0,-74.82,-76.24,2
2016-07-19_17:55:10.00,630.0,-77.79,-75.31,2
2016-07-19_17:55:10.00,632.0,-76.29,-81.93,1
2016-07-19_17:55:10.00,634.0,-75.2,-72.41,2
2016-07-19_17:55:10.00,636.0,-74.05,-76.57,2
2016-07-19_17:55:10.00,638.0,-76.38,-80.61,1
2016-07-19_17:55:10.00,640.0,-78.59,-77.39,2
2016-07-19_17:55:10.00,642.0,-71.34,-80.08,1
2016-07-19_17:55:10.00,644.0,-78.58,-75.88,2
2016-07-19_17:55:20.00,604.0,-78.1,-69.53,3
2016-07-19_17:55:20.00,606.0,-81.13,-72.51,3
2016-07-19_17:55:20.00,608.0,-82.6,-72.84,3
2016-07-19_17:55:20.00,610.0,-81.48,-70.4,3
2016-07-19_17:55:20.00,612.0,-77.77,-70.21,3
2016-07-19_17:55:20.00,614.0,-80.67,-69.07,3
2016-07-19_17:55:20.00,616.0,-80.88,-72.12,3
2016-07-19_17:55:20.00,618.0,-80.9,-75.06,3
2016-07-19_17:55:20.00,620.0,-78.16,-73.82,3
2016-07-19_17:55:20.00,622.0,-80.61,-74.63,3
2016-07-19_17:55:20.00,624.0,-73.42,-74.38,2
2016-07-19_17:55:20.00,626.0,-75.15,-74.03,2
2016-07-19_17:55:20.00,628.0,-77.38,-77.11,2
2016-07-19_17:55:20.00,630.0,-73.66,-77.31,1
2016-07-19_17:55:20.00,632.0,-76.43,-78.16,2
2016-07-19_17:55:20.00,634.0,-72.52,-78.86,1
2016-07-19_17:55:20.00,636.0,-74.98,-74.64,2
2016-07-19_17:55:30.00,602.0,-76.88,-67.8,3
2016-07-19_17:55:30.00,604.0,-77.78,-70.29,3
2016-07-19_17:55:30.00,606.0,-78.52,-70.19,3
2016-07-19_17:55:30.00,608.0,-76.43,-70.9,3
2016-07-19_17:55:30.00,610.0,-74.89,-75.18,2
2016-07-19_17:55:30.00,612.0,-81.6,-74.21,3
2016-07-19_17:55:30.00,614.0,-82.14,-72.99,3
2016-07-19_17:55:30.00,616.0,-81.94,-74.31,3
2016-07-19_17:55:30.00,618.0,-78.28,-74.94,3
2016-07-19_17:55:30.00,620.0,-80.28,-71.72,3
2016-07-19_17:55:30.00,622.0,-77.5,-72.26,3
2016-07-19_17:55:30.00,624.0,-77.93,-74.81,3
2016-07-19_17:55:30.00,626.0,-77.44,-72.8,3
2016-07-19_17:55:30.00,628.0,-81.56,-74.08,3
2016-07-19_17:55:30.00,630.0,-77.79,-74.87,2
2016-07-19_17:55:30.00,632.0,-75.52,-74.47,2
2016-07-19_17:55:40.00,600.0,-79.03,-70.97,3
2016-07-19_17:55:40.00,602.0,-76.9,-72.7,3
2016-07-19_17:55:40.00,604.0,-74.91,-72.35,2
2016-07-19_17:55:40.00,606.0,-75.4,-71.96,3
2016-07-19_17:55:40.00,608.0,-76.6,-70.35,3
2016-07-19_17:55:40.00,610.0,-76.01,-73.06,2
2016-07-19_17:55:40.00,612.0,-77.12,-71.45,3
2016-07-19_17:55:40.00,614.0,-79.1,-73.34,3
2016-07-19_17:55:40.00,616.0,-78.13,-74.68,3
2016-07-19_17:55:40.00,618.0,-78.36,-73.36,3
2016-07-19_17:55:40.00,620.0,-80.4,-72.78,3
2016-07-19_17:55:40.00,622.0,-80.21,-72.56,3
2016-07-19_17:55:40.00,624.0,-81.13,-74.43,3
2016-07-19_17:55:40.00,626.0,-81.44,-73.84,3
2016-07-19_17:55:40.00,628.0,-76.77,-71.24,3
2016-07-19_17:55:40.00,630.0,-79.48,-73.88,3
2016-07-19_17:55:50.00,600.0,-71.44,-68.61,2
2016-07-19_17:55:50.00,602.0,-73.94,-72.69,2
2016-07-19_17:55:50.00,604.0,-68.91,-69.42,2
2016-07-19_17:55:50.00,606.0,-80.77,-73.58,3
2016-07-19_17:55:50.00,608.0,-74.88,-69.79,3
2016-07-19_17:55:50.00,610.0,-72.66,-73.83,2
2016-07-19_17:55:50.00,612.0,-75.97,-73.88,2
2016-07-19_17:55:50.00,614.0,-81.92,-74.54,3
2016-07-19_17:55:50.00,616.0,-77.81,-71.19,3
2016-07-19_17:55:50.00,618.0,-80.12,-70.12,3
2016-07-19_17:55:50.00,620.0,-79.01,-73.69,3
2016-07-19_17:55:50.00,622.0,-78.95,-75.84,3
2016-07-19_17:55:50.00,624.0,-76.13,-74.03,2
2016-07-19_17:55:50.00,626.0,-78.04,-78.64,2
2016-07-19_17:55:50.00,628.0,-79.99,-74.71,3
2016-07-19_17:55:50.00,630.0,-79.36,-72.67,3
2016-07-19_17:56:00.00,600.0,-76.89,-66.49,3
2016-07-19_17:56:00.00,602.0,-74.2,-68.9,3
2016-07-19_17:56:00.00,604.0,-72.06,-70.45,2
2016-07-19_17:56:00.00,606.0,-72.79,-72.21,2
2016-07-19_17:56:00.00,608.0,-76.5,-72.61,3
2016-07-19_17:56:00.00,610.0,-76.69,-68.93,3
2016-07-19_17:56:00.00,612.0,-74.0,-73.32,2
2016-07-19_17:56:00.00,614.0,-76.45,-74.92,2
2016-07-19_17:56:00.00,616.0,-74.93,-73.5,2
2016-07-19_17:56:00.00,618.0,-79.63,-72.29,3
2016-07-19_17:56:00.00,620.0,-77.23,-72.29,3
2016-07-19_17:56:00.00,622.0,-79.41,-74.07,3
2016-07-19_17:56:00.00,624.0,-75.83,-72.46,3
2016-07-19_17:56:00.00,626.0,-80.96,-74.05,3
2016-07-19_17:56:00.00,628.0,-73.85,-73.87,2
2016-07-19_17:56:10.00,604.0,-71.9,-70.2,2
2016-07-19_17:56:10.00,606.0,-72.65,-68.24,3
2016-07-19_17:56:10.00,608.0,-72.93,-67.89,3
2016-07-19_17:56:10.00,610.0,-72.14,-70.55,2
2016-07-19_17:56:10.00,612.0,-73.2,-72.85,2
2016-07-19_17:56:10.00,614.0,-76.52,-73.84,2
2016-07-19_17:56:10.00,616.0,-73.28,-70.96,2
2016-07-19_17:56:10.00,618.0,-73.83,-72.4,2
2016-07-19_17:56:10.00,620.0,-75.46,-69.42,3
2016-07-19_17:56:10.00,622.0,-79.2,-70.59,3
2016-07-19_17:56:10.00,624.0,-75.79,-71.77,3
2016-07-19_17:56:10.00,626.0,-79.57,-75.25,3
2016-07-19_17:56:10.00,628.0,-77.03,-74.27,2
2016-07-19_17:56:10.00,630.0,-79.63,-71.27,3
2016-07-19_17:56:20.00,606.0,-73.66,-69.17,3
2016-07-19_17:56:20.00,608.0,-74.85,-73.08,2
2016-07-19_17:56:20.00,610.0,-77.74,-70.69,3
2016-07-19_17:56:20.00,612.0,-75.11,-69.64,3
2016-07-19_17:56:20.00,614.0,-76.57,-70.53,3
2016-07-19_17:56:20.00,616.0,-74.85,-67.69,3
2016-07-19_17:56:20.00,618.0,-76.89,-69.29,3
2016-07-19_17:56:20.00,620.0,-78.45,-70.25,3
2016-07-19_17:56:20.00,622.0,-73.05,-69.79,3
2016-07-19_17:56:20.00,624.0,-75.07,-69.18,3
2016-07-19_17:56:20.00,626.0,-80.02,-76.13,3
2016-07-19_17:56:20.00,628.0,-77.52,-72.31,3
2016-07-19_17:56:20.00,630.0,-77.52,-74.45,3
2016-07-19_17:56:20.00,632.0,-78.52,-75.76,2
2016-07-19_17:56:20.00,634.0,-78.94,-74.16,3
2016-07-19_17:56:30.00,610.0,-72.96,-73.43,2
2016-07-19_17:56:30.00,612.0,-77.67,-66.73,3
2016-07-19_17:56:30.00,614.0,-78.82,-69.08,3
2016-07-19_17:56:30.00,616.0,-79.0,-69.56,3
2016-07-19_17:56:30.00,618.0,-77.89,-70.34,3
2016-07-19_17:56:30.00,620.0,-75.19,-72.88,2
2016-07-19_17:56:30.00,622.0,-80.25,-70.46,3
2016-07-19_17:56:30.00,624.0,-72.56,-73.37,2
2016-07-19_17:56:30.00,626.0,-79.11,-75.41,3
2016-07-19_17:56:30.00,628.0,-76.05,-69.46,3
2016-07-19_17:56:30.00,630.0,-79.65,-71.07,3
2016-07-19_17:56:30.00,632.0,-79.93,-72.96,3
2016-07-19_17:56:30.00,634.0,-74.69,-71.33,3
2016-07-19_17:56:30.00,636.0,-77.41,-74.64,2
2016-07-19_17:56:30.00,638.0,-79.04,-72.75,3
2016-07-19_17:56:40.00,608.0,-82.1,-69.88,3
2016-07-19_17:56:40.00,610.0,-76.21,-71.03,3
2016-07-19_17:56:40.00,612.0,-73.55,-68.53,3
2016-07-19_17:56:40.00,614.0,-78.7,-67.08,3
2016-07-19_17:56:40.00,616.0,-77.44,-70.06,3
2016-07-19_17:56:40.00,618.0,-75.75,-73.89,2
2016-07-19_17:56:40.00,620.0,-84.67,-74.2,3
2016-07-19_17:56:40.00,622.0,-74.61,-74.74,2
2016-07-19_17:56:40.00,624.0,-74.35,-74.08,2
2016-07-19_17:56:40.00,626.0,-79.85,-72.03,3
2016-07-19_17:56:40.00,628.0,-78.49,-71.5,3
2016-07-19_17:56:40.00,630.0,-83.37,-72.21,3
2016-07-19_17:56:40.00,632.0,-76.93,-73.3,3
2016-07-19_17:56:40.00,634.0,-75.22,-73.89,2
2016-07-19_17:56:40.00,636.0,-84.6,-74.53,3
2016-07-19_17:56:40.00,638.0,-80.12,-78.47,2
2016-07-19_17:56:50.00,610.0,-75.01,-71.38,3
2016-07-19_17:56:50.00,612.0,-77.99,-72.3,3
2016-07-19_17:56:50.00,614.0,-78.14,-71.83,3
2016-07-19_17:56:50.00,616.0,-79.09,-75.57,3
2016-07-19_17:56:50.00,618.0,-78.14,-71.76,3
2016-07-19_17:56:50.00,620.0,-79.79,-72.47,3
2016-07-19_17:56:50.00,622.0,-76.93,-72.36,3
2016-07-19_17:56:50.00,624.0,-79.36,-74.92,3
2016-07-19_17:56:50.00,626.0,-77.09,-70.17,3
2016-07-19_17:56:50.00,628.0,-77.12,-71.53,3
2016-07-19_17:56:50.00,630.0,-79.75,-72.76,3
2016-07-19_17:56:50.00,632.0,-79.07,-73.07,3
2016-07-19_17:56:50.00,634.0,-77.33,-73.52,3
2016-07-19_17:56:50.00,636.0,-78.64,-75.33,3
2016-07-19_17:56:50.00,638.0,-77.9,-77.25,2
2016-07-19_17:56:50.00,640.0,-79.22,-72.18,3
2016-07-19_17:57:00.00,610.0,-80.28,-71.32,3
2016-07-19_17:57:00.00,612.0,-77.61,-73.36,3
2016-07-19_17:57:00.00,614.0,-78.42,-71.9,3
2016-07-19_17:57:00.00,616.0,-76.88,-71.81,3
2016-07-19_17:57:00.00,618.0,-81.85,-74.04,3
2016-07-19_17:57:00.00,620.0,-76.55,-69.12,3
2016-07-19_17:57:00.00,622.0,-81.68,-73.16,3
2016-07-19_17:57:00.00,624.0,-76.89,-75.84,2
2016-07-19_17:57:00.00,626.0,-81.02,-75.61,3
2016-07-19_17:57:00.00,628.0,-74.72,-71.49,3
2016-07-19_17:57:00.00,630.0,-78.75,-69.51,3
2016-07-19_17:57:00.00,632.0,-83.88,-70.67,3
2016-07-19_17:57:00.00,634.0,-76.98,-71.7,3
2016-07-19_17:57:00.00,636.0,-75.78,-71.02,3
2016-07-19_17:57:00.00,638.0,-81.3,-71.37,3
2016-07-19_17:57:00.00,640.0,-76.83,-72.46,3
2016-07-19_17:57:10.00,610.0,-78.36,-72.0,3
2016-07-19_17:57:10.00,612.0,-80.81,-73.08,3
2016-07-19_17:57:10.00,614.0,-82.54,-68.99,3
2016-07-19_17:57:10.00,616.0,-80.59,-70.39,3
2016-07-19_17:57:10.00,618.0,-77.41,-75.87,2
2016-07-19_17:57:10.00,620.0,-80.85,-70.23,3
2016-07-19_17:57:10.00,622.0,-78.16,-77.75,2
2016-07-19_17:57:10.00,624.0,-78.36,-77.71,2
2016-07-19_17:57:10.00,626.0,-79.5,-71.95,3
2016-07-19_17:57:10.00,628.0,-81.24,-73.97,3
2016-07-19_17:57:10.00,630.0,-86.13,-74.99,3
2016-07-19_17:57:10.00,632.0,-75.09,-73.88,2
2016-07-19_17:57:10.00,634.0,-79.46,-71.02,3
2016-07-19_17:57:10.00,636.0,-83.17,-74.4,3
2016-07-19_17:57:10.00,638.0,-80.32,-82.58,2
2016-07-19_17:57:10.00,640.0,-79.79,-71.77,3
2016-07-19_17:57:20.00,610.0,-73.31,-71.18,2
2016-07-19_17:57:20.00,612.0,-74.61,-69.11,3
2016-07-19_17:57:20.00,614.0,-78.05,-70.62,3
2016-07-19_17:57:20.00,616.0,-76.86,-73.57,3
2016-07-19_17:57:20.00,618.0,-77.03,-70.58,3
2016-07-19_17:57:20.00,620.0,-79.04,-76.48,2
2016-07-19_17:57:20.00,622.0,-74.93,-72.21,2
2016-07-19_17:57:20.00,624.0,-77.23,-73.22,3
2016-07-19_17:57:20.00,626.0,-77.42,-72.07,3
2016-07-19_17:57:20.00,628.0,-78.94,-73.76,3
2016-07-19_17:57:20.00,630.0,-77.17,-71.25,3
2016-07-19_17:57:20.00,632.0,-81.92,-72.35,3
2016-07-19_17:57:20.00,634.0,-78.63,-72.09,3
2016-07-19_17:57:20.00,636.0,-77.79,-75.92,2
2016-07-19_17:57:20.00,638.0,-79.11,-72.56,3
2016-07-19_17:57:20.00,640.0,-74.87,-74.61,2
2016-07-19_17:57:20.00,642.0,-76.2,-73.95,2
2016-07-19_17:57:30.00,610.0,-74.37,-70.71,3
2016-07-19_17:57:30.00,612.0,-68.74,-77.23,1
2016-07-19_17:57:30.00,614.0,-79.46,-72.46,3
2016-07-19_17:57:30.00,616.0,-75.8,-69.52,3
2016-07-19_17:57:30.00,618.0,-76.74,-71.87,3
2016-07-19_17:57:30.00,620.0,-77.51,-69.55,3
2016-07-19_17:57:30.00,622.0,-73.3,-68.44,3
2016-07-19_17:57:30.00,624.0,-79.62,-71.27,3
2016-07-19_17:57:30.00,626.0,-79.36,-73.25,3
2016-07-19_17:57:30.00,628.0,-79.73,-71.78,3
2016-07-19_17:57:30.00,630.0,-82.19,-76.23,3
2016-07-19_17:57:30.00,632.0,-80.06,-74.7,3
2016-07-19_17:57:30.00,634.0,-77.98,-72.18,3
2016-07-19_17:57:30.00,636.0,-80.62,-71.18,3
2016-07-19_17:57:30.00,638.0,-78.32,-72.84,3
2016-07-19_17:57:30.00,640.0,-77.8,-76.58,2
2016-07-19_17:57:30.00,642.0,-74.72,-78.66,1
2016-07-19_17:57:40.00,592.0,-76.95,-71.03,3
2016-07-19_17:57:40.00,594.0,-74.17,-69.62,3
2016-07-19_17:57:40.00,596.0,-71.92,-67.14,3
2016-07-19_17:57:40.00,598.0,-71.83,-69.52,2
2016-07-19_17:57:40.00,600.0,-72.4,-73.58,2
2016-07-19_17:57:40.00,602.0,-72.9,-68.49,3
2016-07-19_17:57:40.00,604.0,-73.4,-72.55,2
2016-07-19_17:57:40.00,606.0,-71.75,-67.38,3
2016-07-19_17:57:40.00,608.0,-73.49,-71.41,2
2016-07-19_17:57:40.00,610.0,-71.64,-71.69,2
2016-07-19_17:57:40.00,612.0,-72.16,-71.93,2
2016-07-19_17:57:40.00,614.0,-74.21,-74.05,2
2016-07-19_17:57:40.00,616.0,-72.73,-69.7,3
2016-07-19_17:57:40.00,618.0,-78.86,-73.28,3
2016-07-19_17:57:40.00,620.0,-80.95,-71.65,3
2016-07-19_17:57:40.00,622.0,-76.85,-70.76,3
2016-07-19_17:57:40.00,624.0,-76.23,-72.21,3
2016-07-19_17:57:40.00,626.0,-80.33,-73.49,3
2016-07-19_17:57:40.00,628.0,-77.55,-72.15,3
2016-07-19_17:57:50.00,586.0,-71.96,-76.53,1
2016-07-19_17:57:50.00,588.0,-70.67,-65.46,3
2016-07-19_17:57:50.00,590.0,-72.29,-66.45,3
2016-07-19_17:57:50.00,592.0,-76.6,-76.4,2
2016-07-19_17:57:50.00,594.0,-72.91,-72.54,2
2016-07-19_17:57:50.00,596.0,-74.46,-75.35,2
2016-07-19_17:57:50.00,598.0,-72.02,-74.3,2
2016-07-19_17:57:50.00,600.0,-70.58,-69.46,2
2016-07-19_17:57:50.00,602.0,-75.39,-68.22,3
2016-07-19_17:57:50.00,604.0,-70.22,-71.07,2
2016-07-19_17:57:50.00,606.0,-70.19,-70.17,2
2016-07-19_17:57:50.00,608.0,-72.23,-69.53,2
2016-07-19_17:57:50.00,610.0,-74.14,-72.24,2
2016-07-19_17:57:50.00,612.0,-78.75,-72.08,3
2016-07-19_17:57:50.00,614.0,-71.68,-69.68,2
2016-07-19_17:57:50.00,616.0,-75.14,-72.41,2
2016-07-19_17:57:50.00,618.0,-77.55,-67.67,3
2016-07-19_17:57:50.00,620.0,-76.02,-73.69,2
2016-07-19_17:57:50.00,622.0,-76.19,-69.96,3
2016-07-19_17:58:00.00,572.0,-73.33,-67.13,3
2016-07-19_17:58:00.00,574.0,-72.85,-68.27,3
2016-07-19_17:58:00.00,576.0,-74.34,-72.03,2
2016-07-19_17:58:00.00,578.0,-71.42,-70.75,2
2016-07-19_17:58:00.00,580.0,-71.22,-71.05,2
2016-07-19_17:58:00.00,582.0,-71.36,-69.88,2
2016-07-19_17:58:00.00,584.0,-71.94,-66.87,3
2016-07-19_17:58:00.00,586.0,-71.24,-68.08,3
2016-07-19_17:58:00.00,588.0,-75.61,-76.52,2
2016-07-19_17:58:00.00,590.0,-74.91,-72.73,2
2016-07-19_17:58:00.00,592.0,-71.38,-70.09,2
2016-07-19_17:58:00.00,594.0,-74.84,-72.12,2
2016-07-19_17:58:00.00,596.0,-77.1,-69.82,3
2016-07-19_17:58:00.00,598.0,-77.03,-68.87,3
2016-07-19_17:58:00.00,600.0,-70.64,-71.2,2
2016-07-19_17:58:00.00,602.0,-73.78,-74.92,2
2016-07-19_17:58:00.00,604.0,-75.67,-68.16,3
2016-07-19_17:58:10.00,552.0,-69.95,-70.47,2
2016-07-19_17:58:10.00,554.0,-73.01,-69.45,3
2016-07-19_17:58:10.00,556.0,-74.52,-72.86,2
2016-07-19_17:58:10.00,558.0,-73.18,-71.3,2
2016-07-19_17:58:10.00,560.0,-72.43,-70.84,2
2016-07-19_17:58:10.00,562.0,-71.3,-69.61,2
2016-07-19_17:58:10.00,564.0,-68.54,-72.3,1
2016-07-19_17:58:10.00,566.0,-70.24,-68.6,2
2016-07-19_17:58:10.00,568.0,-74.82,-69.08,3
2016-07-19_17:58:10.00,570.0,-72.71,-68.6,3
2016-07-19_17:58:10.00,572.0,-69.8,-68.82,2
2016-07-19_17:58:10.00,574.0,-72.46,-68.8,3
2016-07-19_17:58:10.00,576.0,-71.02,-68.97,2
2016-07-19_17:58:10.00,578.0,-75.25,-71.41,3
2016-07-19_17:58:10.00,580.0,-68.87,-69.35,2
2016-07-19_17:58:20.00,532.0,-74.17,-69.58,3
2016-07-19_17:58:20.00,534.0,-68.51,-73.48,1
2016-07-19_17:58:20.00,536.0,-72.44,-73.65,2
2016-07-19_17:58:20.00,538.0,-77.13,-73.43,3
2016-07-19_17:58:20.00,540.0,-76.92,-68.69,3
2016-07-19_17:58:20.00,542.0,-74.23,-65.81,3
2016-07-19_17:58:20.00,544.0,-73.17,-67.01,3
2016-07-19_17:58:20.00,546.0,-74.99,-71.5,3
2016-07-19_17:58:20.00,548.0,-74.64,-72.79,2
2016-07-19_17:58:20.00,550.0,-72.94,-73.6,2
2016-07-19_17:58:20.00,552.0,-70.88,-73.27,2
2016-07-19_17:58:20.00,554.0,-73.71,-65.17,3
2016-07-19_17:58:20.00,556.0,-77.56,-70.59,3
2016-07-19_17:58:20.00,558.0,-80.47,-72.74,3
2016-07-19_17:58:30.00,508.0,-70.84,-72.22,2
2016-07-19_17:58:30.00,510.0,-71.15,-70.88,2
2016-07-19_17:58:30.00,512.0,-66.37,-69.77,1
2016-07-19_17:58:30.00,514.0,-72.66,-69.6,3
2016-07-19_17:58:30.00,516.0,-73.26,-71.48,2
2016-07-19_17:58:30.00,518.0,-70.53,-73.56,1
2016-07-19_17:58:30.00,520.0,-69.26,-72.71,1
2016-07-19_17:58:30.00,522.0,-68.3,-75.61,1
2016-07-19_17:58:30.00,524.0,-67.7,-71.67,1
2016-07-19_17:58:30.00,526.0,-69.53,-73.08,1
2016-07-19_17:58:30.00,528.0,-69.6,-70.57,2
2016-07-19_17:58:30.00,530.0,-66.73,-71.25,1
2016-07-19_17:58:30.00,532.0,-73.65,-71.93,2
2016-07-19_17:58:40.00,484.0,-68.74,-73.07,1
2016-07-19_17:58:40.00,486.0,-69.5,-77.36,1
2016-07-19_17:58:40.00,488.0,-72.44,-73.46,2
2016-07-19_17:58:40.00,490.0,-70.01,-72.63,2
2016-07-19_17:58:40.00,492.0,-66.8,-73.44,1
2016-07-19_17:58:40.00,494.0,-73.37,-70.09,3
2016-07-19_17:58:40.00,496.0,-70.83,-70.51,2
2016-07-19_17:58:40.00,498.0,-75.21,-66.63,3
2016-07-19_17:58:40.00,500.0,-70.25,-69.67,2
2016-07-19_17:58:40.00,502.0,-67.92,-69.98,2
2016-07-19_17:58:40.00,504.0,-69.67,-70.72,2
2016-07-19_17:58:40.00,506.0,-67.35,-69.06,2
2016-07-19_17:58:40.00,508.0,-69.83,-67.39,2
2016-07-19_17:58:40.00,510.0,-71.88,-70.17,2
2016-07-19_17:58:50.00,464.0,-66.93,-70.2,1
2016-07-19_17:58:50.00,466.0,-62.75,-68.66,1
2016-07-19_17:58:50.00,468.0,-63.41,-67.95,1
2016-07-19_17:58:50.00,470.0,-64.96,-67.54,2
2016-07-19_17:58:50.00,472.0,-66.06,-72.42,1
2016-07-19_17:58:50.00,474.0,-66.39,-71.94,1
2016-07-19_17:58:50.00,476.0,-66.84,-73.25,1
2016-07-19_17:58:50.00,478.0,-66.95,-68.85,2
2016-07-19_17:58:50.00,480.0,-65.67,-70.45,1
2016-07-19_17:58:50.00,482.0,-68.29,-74.33,1
2016-07-19_17:58:50.00,484.0,-67.91,-72.77,1
2016-07-19_17:58:50.00,486.0,-67.09,-72.49,1
2016-07-19_17:58:50.00,488.0,-70.67,-71.93,2
2016-07-19_17:58:50.00,490.0,-68.62,-70.5,2
2016-07-19_17:59:00.00,450.0,-64.9,-70.21,1
2016-07-19_17:59:00.00,452.0,-68.27,-73.68,1
2016-07-19_17:59:00.00,454.0,-66.13,-74.49,1
2016-07-19_17:59:00.00,456.0,-64.37,-69.16,1
2016-07-19_17:59:00.00,458.0,-67.14,-74.69,1
2016-07-19_17:59:00.00,460.0,-65.29,-76.16,1
2016-07-19_17:59:00.00,462.0,-68.31,-69.39,2
2016-07-19_17:59:00.00,464.0,-61.25,-72.29,1
2016-07-19_17:59:00.00,466.0,-65.6,-69.89,1
2016-07-19_17:59:00.00,468.0,-61.73,-68.82,1
2016-07-19_17:59:00.00,470.0,-65.53,-67.88,2
2016-07-19_17:59:00.00,472.0,-66.17,-67.24,2
2016-07-19_17:59:00.00,474.0,-65.89,-72.63,1
2016-07-19_17:59:00.00,476.0,-63.95,-71.68,1
2016-07-19_17:59:00.00,478.0,-65.69,-73.35,1
2016-07-19_17:59:10.00,438.0,-68.52,-70.8,2
2016-07-19_17:59:10.00,440.0,-58.91,-72.63,1
2016-07-19_17:59:10.00,442.0,-61.38,-70.62,1
2016-07-19_17:59:10.00,444.0,-64.22,-70.17,1
2016-07-19_17:59:10.00,446.0,-66.15,-71.65,1
2016-07-19_17:59:10.00,448.0,-66.15,-70.11,1
2016-07-19_17:59:10.00,450.0,-62.67,-71.61,1
2016-07-19_17:59:10.00,452.0,-67.11,-69.02,2
2016-07-19_17:59:10.00,454.0,-69.19,-70.96,2
2016-07-19_17:59:10.00,456.0,-64.81,-77.32,1
2016-07-19_17:59:10.00,458.0,-62.93,-71.46,1
2016-07-19_17:59:10.00,460.0,-60.05,-68.93,1
2016-07-19_17:59:10.00,462.0,-64.8,-71.31,1
2016-07-19_17:59:10.00,464.0,-63.74,-74.73,1
2016-07-19_17:59:10.00,466.0,-65.15,-71.39,1
2016-07-19_17:59:20.00,424.0,-69.7,-69.3,2
2016-07-19_17:59:20.00,426.0,-68.84,-71.09,2
2016-07-19_17:59:20.00,428.0,-65.99,-70.85,1
2016-07-19_17:59:20.00,430.0,-64.23,-71.95,1
2016-07-19_17:59:20.00,432.0,-62.36,-71.51,1
2016-07-19_17:59:20.00,434.0,-62.15,-70.94,1
2016-07-19_17:59:20.00,436.0,-64.45,-70.3,1
2016-07-19_17:59:20.00,438.0,-61.76,-71.92,1
2016-07-19_17:59:20.00,440.0,-61.94,-70.52,1
2016-07-19_17:59:20.00,442.0,-62.63,-70.85,1
2016-07-19_17:59:20.00,444.0,-61.54,-70.05,1
2016-07-19_17:59:20.00,446.0,-61.67,-73.97,1
2016-07-19_17:59:20.00,448.0,-64.41,-73.37,1
2016-07-19_17:59:20.00,450.0,-64.19,-68.25,1
2016-07-19_17:59:20.00,452.0,-65.08,-72.0,1
2016-07-19_17:59:30.00,410.0,-72.8,-74.83,2
2016-07-19_17:59:30.00,412.0,-78.02,-71.53,3
2016-07-19_17:59:30.00,414.0,-77.23,-77.68,2
2016-07-19_17:59:30.00,416.0,-69.2,-70.18,2
2016-07-19_17:59:30.00,418.0,-70.35,-67.75,2
2016-07-19_17:59:30.00,420.0,-65.21,-70.88,1
2016-07-19_17:59:30.00,422.0,-65.07,-73.09,1
2016-07-19_17:59:30.00,424.0,-75.89,-72.59,3
2016-07-19_17:59:30.00,426.0,-63.21,-67.15,1
2016-07-19_17:59:30.00,428.0,-65.35,-70.54,1
2016-07-19_17:59:30.00,430.0,-65.57,-72.16,1
2016-07-19_17:59:30.00,432.0,-64.52,-71.59,1
2016-07-19_17:59:30.00,434.0,-65.98,-75.91,1
2016-07-19_17:59:30.00,436.0,-62.76,-71.37,1
2016-07-19_17:59:30.00,438.0,-62.77,-68.96,1
2016-07-19_17:59:40.00,402.0,-73.57,-71.23,2
2016-07-19_17:59:40.00,404.0,-74.02,-70.99,3
2016-07-19_17:59:40.00,406.0,-73.92,-70.18,3
2016-07-19_17:59:40.00,408.0,-75.34,-69.01,3
2016-07-19_17:59:40.00,410.0,-76.38,-69.37,3
2016-07-19_17:59:40.00,412.0,-75.83,-73.28,2
2016-07-19_17:59:40.00,414.0,-76.28,-70.8,3
2016-07-19_17:59:40.00,416.0,-70.39,-72.45,2
2016-07-19_17:59:40.00,418.0,-69.8,-70.17,2
2016-07-19_17:59:40.00,420.0,-69.85,-70.21,2
2016-07-19_17:59:40.00,422.0,-68.01,-72.18,1
2016-07-19_17:59:40.00,424.0,-69.13,-71.52,2
2016-07-19_17:59:40.00,426.0,-69.11,-70.79,2
2016-07-19_17:59:40.00,428.0,-68.12,-74.2,1
2016-07-19_17:59:40.00,430.0,-63.87,-73.8,1
2016-07-19_17:59:50.00,388.0,-69.81,-72.72,2
2016-07-19_17:59:50.00,390.0,-71.73,-74.84,1
2016-07-19_17:59:50.00,392.0,-66.6,-74.77,1
2016-07-19_17:59:50.00,394.0,-69.63,-75.14,1
2016-07-19_17:59:50.00,396.0,-74.91,-71.22,3
2016-07-19_17:59:50.00,398.0,-71.3,-71.87,2
2016-07-19_17:59:50.00,400.0,-73.34,-69.57,3
2016-07-19_17:59:50.00,402.0,-71.37,-66.88,3
2016-07-19_17:59:50.00,404.0,-78.57,-69.31,3
2016-07-19_17:59:50.00,406.0,-75.8,-74.15,2
2016-07-19_17:59:50.00,408.0,-75.22,-70.0,3
2016-07-19_17:59:50.00,410.0,-74.0,-73.1,2
2016-07-19_17:59:50.00,412.0,-81.01,-70.38,3
2016-07-19_17:59:50.00,414.0,-74.13,-67.36,3
2016-07-19_17:59:50.00,416.0,-77.42,-71.83,3
2016-07-19_18:00:00.00,370.0,-73.51,-75.31,2
2016-07-19_18:00:00.00,372.0,-75.35,-78.47,1
2016-07-19_18:00:00.00,374.0,-69.57,-78.07,1
2016-07-19_18:00:00.00,376.0,-68.21,-77.62,1
2016-07-19_18:00:00.00,378.0,-70.82,-78.19,1
2016-07-19_18:00:00.00,380.0,-68.37,-77.4,1
2016-07-19_18:00:00.00,382.0,-72.79,-76.74,1
2016-07-19_18:00:00.00,384.0,-67.34,-75.8,1
2016-07-19_18:00:00.00,386.0,-68.91,-78.16,1
2016-07-19_18:00:00.00,388.0,-70.87,-74.31,1
2016-07-19_18:00:00.00,390.0,-70.76,-71.17,2
2016-07-19_18:00:00.00,392.0,-71.3,-72.42,2
2016-07-19_18:00:00.00,394.0,-73.02,-71.56,2
2016-07-19_18:00:00.00,396.0,-68.8,-73.09,1
2016-07-19_18:00:00.00,398.0,-70.36,-69.35,2
2016-07-19_18:00:00.00,400.0,-71.24,-71.85,2
2016-07-19_18:00:10.00,350.0,-78.09,-81.02,2
2016-07-19_18:00:10.00,352.0,-83.6,-82.36,2
2016-07-19_18:00:10.00,354.0,-85.43,-79.38,3
2016-07-19_18:00:10.00,356.0,-81.36,-79.2,2
2016-07-19_18:00:10.00,358.0,-79.59,-82.34,2
2016-07-19_18:00:10.00,360.0,-84.06,-81.38,2
2016-07-19_18:00:10.00,362.0,-76.56,-85.79,1
2016-07-19_18:00:10.00,364.0,-77.26,-80.54,1
2016-07-19_18:00:10.00,366.0,-76.61,-80.19,1
2016-07-19_18:00:10.00,368.0,-76.84,-76.34,2
2016-07-19_18:00:10.00,370.0,-72.49,-78.2,1
2016-07-19_18:00:10.00,372.0,-73.28,-75.39,2
2016-07-19_18:00:10.00,374.0,-73.14,-77.51,1
2016-07-19_18:00:10.00,376.0,-77.78,-77.7,2
2016-07-19_18:00:10.00,378.0,-70.22,-77.24,1
2016-07-19_18:00:10.00,380.0,-67.47,-77.79,1
2016-07-19_18:00:20.00,328.0,-89.69,-78.12,3
2016-07-19_18:00:20.00,330.0,-82.14,-76.0,3
2016-07-19_18:00:20.00,332.0,-82.6,-75.26,3
2016-07-19_18:00:20.00,334.0,-82.91,-87.04,1
2016-07-19_18:00:20.00,336.0,-90.35,-87.53,2
2016-07-19_18:00:20.00,338.0,-85.68,-85.92,2
2016-07-19_18:00:20.00,340.0,-97.65,-86.0,3
2016-07-19_18:00:20.00,342.0,-85.49,-85.53,2
2016-07-19_18:00:20.00,344.0,-84.45,-87.67,1
2016-07-19_18:00:20.00,346.0,-81.83,-85.52,1
2016-07-19_18:00:20.00,348.0,-78.46,-83.3,1
2016-07-19_18:00:20.00,350.0,-83.86,-79.85,3
2016-07-19_18:00:20.00,352.0,-88.49,-85.93,2
2016-07-19_18:00:20.00,354.0,-87.37,-89.0,2
2016-07-19_18:00:20.00,356.0,-76.2,-88.14,1
2016-07-19_18:00:30.00,304.0,-88.72,-82.99,3
2016-07-19_18:00:30.00,306.0,-86.35,-85.23,2
2016-07-19_18:00:30.00,308.0,-88.18,-84.75,3
2016-07-19_18:00:30.00,310.0,-90.35,-81.05,3
2016-07-19_18:00:30.00,312.0,-93.64,-83.62,3
2016-07-19_18:00:30.00,314.0,-95.72,-79.88,3
2016-07-19_18:00:30.00,316.0,-91.01,-76.6,3
2016-07-19_18:00:30.00,318.0,-88.59,-84.96,3
2016-07-19_18:00:30.00,320.0,-85.27,-76.29,3
2016-07-19_18:00:30.00,322.0,-85.1,-72.7,3
2016-07-19_18:00:30.00,324.0,-86.2,-80.1,3
2016-07-19_18:00:30.00,326.0,-89.55,-79.21,3
2016-07-19_18:00:30.00,328.0,-88.12,-78.71,3
2016-07-19_18:00:30.00,330.0,-81.75,-77.76,3
2016-07-19_18:00:30.00,332.0,-82.16,-77.74,3
2016-07-19_18:00:40.00,254.0,-94.79,-92.82,2
2016-07-19_18:00:40.00,256.0,-98.76,-108.64,1
2016-07-19_18:00:40.00,258.0,-86.65,-103.45,1
2016-07-19_18:00:40.00,260.0,-95.99,-101.38,1
2016-07-19_18:00:40.00,262.0,-97.17,-89.74,3
2016-07-19_18:00:40.00,264.0,-88.09,-87.26,2
2016-07-19_18:00:40.00,266.0,-94.46,-92.17,2
2016-07-19_18:00:40.00,268.0,-97.93,-96.18,2
2016-07-19_18:00:40.00,270.0,-88.97,-90.71,2
2016-07-19_18:00:40.00,272.0,-104.41,-99.13,3
2016-07-19_18:00:40.00,274.0,-92.16,-93.38,2
2016-07-19_18:00:40.00,276.0,-92.04,-91.88,2
2016-07-19_18:00:40.00,278.0,-100.67,-87.55,3
2016-07-19_18:00:40.00,280.0,-99.21,-95.35,3
2016-07-19_18:00:40.00,282.0,-96.89,-96.3,2
2016-07-19_18:00:40.00,284.0,-96.74,-90.29,3
2016-07-19_18:00:50.00,240.0,-95.25,-94.56,2
2016-07-19_18:00:50.00,242.0,-82.06,-93.42,1
2016-07-19_18:00:50.00,244.0,-86.41,-88.6,2
2016-07-19_18:00:50.00,246.0,-96.26,-98.29,2
2016-07-19_18:00:50.00,248.0,-96.85,-89.71,3
2016-07-19_18:00:50.00,250.0,-96.56,-94.17,2
2016-07-19_18:00:50.00,252.0,-94.39,-96.15,2
2016-07-19_18:00:50.00,254.0,-93.53,-93.14,2
2016-07-19_18:00:50.00,256.0,-91.99,-91.77,2
2016-07-19_18:00:50.00,258.0,-98.96,-92.0,3
2016-07-19_18:00:50.00,260.0,-89.55,-89.62,2
2016-07-19_18:00:50.00,262.0,-102.11,-92.18,3
2016-07-19_18:00:50.00,264.0,-91.25,-94.05,2
2016-07-19_18:00:50.00,266.0,-93.21,-94.91,2
2016-07-19_18:00:50.00,268.0,-94.58,-96.76,2
2016-07-19_18:00:50.00,270.0,-94.42,-87.31,3
2016-07-19_18:01:00.00,214.0,-79.92,-81.51,2
2016-07-19_18:01:00.00,216.0,-78.84,-84.98,1
2016-07-19_18:01:00.00,218.0,-86.71,-88.08,2
2016-07-19_18:01:00.00,220.0,-90.35,-85.19,3
2016-07-19_18:01:00.00,222.0,-92.67,-90.46,2
2016-07-19_18:01:00.00,224.0,-93.62,-102.78,1
2016-07-19_18:01:00.00,226.0,-77.12,-86.26,1
2016-07-19_18:01:00.00,228.0,-97.36,-104.27,1
2016-07-19_18:01:00.00,230.0,-98.61,-105.92,1
2016-07-19_18:01:00.00,232.0,-95.53,-96.36,2
2016-07-19_18:01:00.00,234.0,-96.52,-95.91,2
2016-07-19_18:01:00.00,236.0,-96.37,-99.27,2
2016-07-19_18:01:00.00,238.0,-91.37,-89.59,2
2016-07-19_18:01:00.00,240.0,-92.71,-91.56,2
2016-07-19_18:01:00.00,242.0,-93.57,-86.95,3
2016-07-19_18:01:10.00,192.0,-94.87,-84.32,3
2016-07-19_18:01:10.00,194.0,-78.71,-86.0,1
2016-07-19_18:01:10.00,196.0,-81.28,-92.33,1
2016-07-19_18:01:10.00,198.0,-82.25,-85.49,1
2016-07-19_18:01:10.00,200.0,-92.92,-90.31,2
2016-07-19_18:01:10.00,202.0,-99.09,-87.63,3
2016-07-19_18:01:10.00,204.0,-90.29,-86.56,3
2016-07-19_18:01:10.00,206.0,-88.95,-86.59,2
2016-07-19_18:01:10.00,208.0,-82.58,-86.08,1
2016-07-19_18:01:10.00,210.0,-87.67,-87.94,2
2016-07-19_18:01:10.00,212.0,-86.98,-86.18,2
2016-07-19_18:01:10.00,214.0,-79.99,-85.75,1
2016-07-19_18:01:10.00,216.0,-87.84,-93.02,1
2016-07-19_18:01:20.00,174.0,-105.81,-93.94,3
2016-07-19_18:01:20.00,176.0,-84.21,-88.67,1
2016-07-19_18:01:20.00,178.0,-91.42,-89.08,2
2016-07-19_18:01:20.00,180.0,-104.15,-88.31,3
2016-07-19_18:01:20.00,182.0,-107.97,-108.24,2
2016-07-19_18:01:20.00,184.0,-93.98,-102.42,1
2016-07-19_18:01:20.00,186.0,-92.8,-83.68,3
2016-07-19_18:01:20.00,188.0,-82.72,-92.27,1
2016-07-19_18:01:20.00,190.0,-94.13,-86.67,3
2016-07-19_18:01:20.00,192.0,-87.21,-99.53,1
2016-07-19_18:01:20.00,194.0,-90.1,-86.56,3
2016-07-19_18:01:20.00,196.0,-88.41,-88.93,2
2016-07-19_18:01:20.00,198.0,-95.67,-92.85,2
2016-07-19_18:01:30.00,162.0,-90.86,-101.01,1
2016-07-19_18:01:30.00,164.0,-105.73,-106.53,2
2016-07-19_18:01:30.00,166.0,-102.38,-95.48,3
2016-07-19_18:01:30.00,168.0,-106.15,-109.68,1
2016-07-19_18:01:30.00,170.0,-87.87,-84.61,3
2016-07-19_18:01:30.00,172.0,-110.57,-99.74,3
2016-07-19_18:01:30.00,174.0,-105.24,-92.7,3
2016-07-19_18:01:30.00,176.0,-98.62,-100.26,2
2016-07-19_18:01:30.00,178.0,-85.1,-82.29,2
2016-07-19_18:01:30.00,180.0,-108.06,-96.28,3
2016-07-19_18:01:30.00,182.0,-105.6,-98.44,3
2016-07-19_18:01:30.00,184.0,-103.57,-98.21,3
2016-07-19_18:01:30.00,186.0,-89.61,-93.63,1
2016-07-19_18:01:30.00,188.0,-105.36,-91.78,3
2016-07-19_18:01:40.00,166.0,-95.66,-95.78,2
2016-07-19_18:01:40.00,168.0,-107.75,-89.51,3
2016-07-19_18:01:40.00,170.0,-101.95,-101.29,2
2016-07-19_18:01:40.00,172.0,-105.21,-91.28,3
2016-07-19_18:01:40.00,174.0,-106.01,-88.41,3
2016-07-19_18:01:40.00,176.0,-104.23,-94.19,3
2016-07-19_18:01:40.00,178.0,-105.38,-93.92,3
2016-07-19_18:01:40.00,180.0,-101.52,-89.36,3
2016-07-19_18:01:40.00,182.0,-92.8,-90.83,2
2016-07-19_18:01:40.00,184.0,-96.29,-102.12,1
2016-07-19_18:01:40.00,186.0,-86.03,-83.38,2
2016-07-19_18:01:40.00,188.0,-90.65,-86.33,3
2016-07-19_18:01:40.00,190.0,-89.26,-89.22,2
2016-07-19_18:01:40.00,192.0,-89.02,-87.45,2
2016-07-19_18:01:50.00,172.0,-101.15,-86.48,3
2016-07-19_18:01:50.00,174.0,-95.31,-93.02,2
2016-07-19_18:01:50.00,176.0,-96.54,-90.48,3
2016-07-19_18:01:50.00,178.0,-107.25,-113.72,1
2016-07-19_18:01:50.00,180.0,-104.51,-85.79,3
2016-07-19_18:01:50.00,182.0,-102.81,-89.04,3
2016-07-19_18:01:50.00,184.0,-86.75,-87.81,2
2016-07-19_18:01:50.00,186.0,-100.34,-100.04,2
2016-07-19_18:01:50.00,188.0,-94.1,-97.31,1
2016-07-19_18:01:50.00,190.0,-99.86,-93.68,3
2016-07-19_18:01:50.00,192.0,-77.02,-85.63,1
2016-07-19_18:01:50.00,194.0,-101.37,-83.94,3
2016-07-19_18:01:50.00,196.0,-95.83,-87.12,3
2016-07-19_18:01:50.00,198.0,-91.92,-79.96,3
2016-07-19_18:01:50.00,200.0,-88.53,-82.02,3
2016-07-19_18:01:50.00,202.0,-81.64,-82.39,2
2016-07-19_18:01:50.00,204.0,-89.58,-90.53,2
2016-07-19_18:02:00.00,178.0,-94.82,-111.16,1
2016-07-19_18:02:00.00,180.0,-90.72,-93.53,2
2016-07-19_18:02:00.00,182.0,-102.0,-93.01,3
2016-07-19_18:02:00.00,184.0,-97.62,-93.41,3
2016-07-19_18:02:00.00,186.0,-88.91,-89.5,2
2016-07-19_18:02:00.00,188.0,-93.36,-91.14,2
2016-07-19_18:02:00.00,190.0,-99.86,-86.87,3
2016-07-19_18:02:00.00,192.0,-85.8,-88.9,1
2016-07-19_18:02:00.00,194.0,-88.7,-85.75,2
2016-07-19_18:02:00.00,196.0,-90.85,-86.48,3
2016-07-19_18:02:00.00,198.0,-85.05,-85.05,2
2016-07-19_18:02:00.00,200.0,-88.08,-81.37,3
2016-07-19_18:02:00.00,202.0,-88.45,-91.54,1
2016-07-19_18:02:00.00,204.0,-82.73,-83.78,2
2016-07-19_18:02:00.00,206.0,-86.28,-82.5,3
2016-07-19_18:02:00.00,208.0,-89.85,-83.99,3
2016-07-19_18:02:10.00,182.0,-92.03,-94.91,2
2016-07-19_18:02:10.00,184.0,-97.16,-81.84,3
2016-07-19_18:02:10.00,186.0,-98.53,-87.82,3
2016-07-19_18:02:10.00,188.0,-102.42,-80.13,3
2016-07-19_18:02:10.00,190.0,-86.56,-79.45,3
2016-07-19_18:02:10.00,192.0,-81.57,-80.68,2
2016-07-19_18:02:10.00,194.0,-84.86,-85.0,2
2016-07-19_18:02:10.00,196.0,-104.05,-82.24,3
2016-07-19_18:02:10.00,198.0,-84.09,-78.46,3
2016-07-19_18:02:10.00,200.0,-88.19,-83.94,3
2016-07-19_18:02:10.00,202.0,-91.31,-86.17,3
2016-07-19_18:02:10.00,204.0,-82.78,-80.07,2
2016-07-19_18:02:10.00,206.0,-91.61,-91.71,2
2016-07-19_18:02:10.00,208.0,-90.43,-84.42,3
2016-07-19_18:02:10.00,210.0,-85.34,-84.99,2
2016-07-19_18:02:10.00,212.0,-84.66,-83.14,2
2016-07-19_18:02:20.00,186.0,-91.2,-82.32,3
2016-07-19_18:02:20.00,188.0,-93.22,-84.11,3
2016-07-19_18:02:20.00,190.0,-88.75,-85.16,3
2016-07-19_18:02:20.00,192.0,-80.5,-86.58,1
2016-07-19_18:02:20.00,194.0,-91.61,-82.88,3
2016-07-19_18:02:20.00,196.0,-96.13,-83.62,3
2016-07-19_18:02:20.00,198.0,-83.83,-81.04,2
2016-07-19_18:02:20.00,200.0,-93.97,-87.19,3
2016-07-19_18:02:20.00,202.0,-94.92,-82.73,3
2016-07-19_18:02:20.00,204.0,-94.2,-83.94,3
2016-07-19_18:02:20.00,206.0,-91.37,-85.37,3
2016-07-19_18:02:20.00,208.0,-77.06,-82.2,1
2016-07-19_18:02:20.00,210.0,-81.13,-83.49,2
2016-07-19_18:02:20.00,212.0,-86.36,-82.45,3
2016-07-19_18:02:30.00,186.0,-104.77,-104.57,2
2016-07-19_18:02:30.00,188.0,-93.99,-92.03,2
2016-07-19_18:02:30.00,190.0,-84.64,-89.0,1
2016-07-19_18:02:30.00,192.0,-92.48,-82.53,3
2016-07-19_18:02:30.00,194.0,-91.91,-80.26,3
2016-07-19_18:02:30.00,196.0,-89.95,-89.51,2
2016-07-19_18:02:30.00,198.0,-85.3,-82.86,2
2016-07-19_18:02:30.00,200.0,-93.73,-81.83,3
2016-07-19_18:02:30.00,202.0,-88.29,-86.46,2
2016-07-19_18:02:30.00,204.0,-92.24,-84.45,3
2016-07-19_18:02:30.00,206.0,-87.34,-84.94,2
2016-07-19_18:02:30.00,208.0,-84.68,-99.52,1
2016-07-19_18:02:30.00,210.0,-87.97,-78.74,3
2016-07-19_18:02:30.00,212.0,-83.17,-83.49,2
2016-07-19_18:02:40.00,178.0,-101.88,-84.14,3
2016-07-19_18:02:40.00,180.0,-86.53,-92.26,1
2016-07-19_18:02:40.00,182.0,-95.13,-87.0,3
2016-07-19_18:02:40.00,184.0,-91.78,-86.22,3
2016-07-19_18:02:40.00,186.0,-97.61,-76.94,3
2016-07-19_18:02:40.00,188.0,-88.49,-86.02,2
2016-07-19_18:02:40.00,190.0,-97.18,-92.73,3
2016-07-19_18:02:40.00,192.0,-94.52,-86.0,3
2016-07-19_18:02:40.00,194.0,-81.83,-85.52,1
2016-07-19_18:02:40.00,196.0,-84.05,-84.61,2
2016-07-19_18:02:40.00,198.0,-85.0,-86.82,2
2016-07-19_18:02:40.00,200.0,-77.92,-87.43,1
2016-07-19_18:02:40.00,202.0,-82.16,-85.88,1
2016-07-19_18:02:40.00,204.0,-82.73,-84.31,2
2016-07-19_18:02:40.00,206.0,-88.03,-79.47,3
2016-07-19_18:02:40.00,208.0,-87.3,-80.09,3
2016-07-19_18:02:40.00,210.0,-92.97,-92.48,2
2016-07-19_18:02:40.00,212.0,-80.03,-84.59,1
